name,rating,reviews,industry,location
TCS,3.3,(1.2L),IT Services & Consulting,Bengaluru +445 other locations
Accenture,3.7,(74k),IT Services & Consulting,Bengaluru +259 other locations
Wipro,3.6,(65.5k),IT Services & Consulting,Hyderabad +374 other locations
Cognizant,3.7,(61.9k),IT Services & Consulting,Hyderabad +233 other locations
Capgemini,3.6,(53.8k),IT Services & Consulting,Bengaluru +183 other locations
HDFC Bank,3.8,(52.9k),Banking,Mumbai +1854 other locations
Infosys,3.5,(49.2k),IT Services & Consulting,Bengaluru +246 other locations
HCLTech,3.4,(46.3k),IT Services & Consulting,Chennai +231 other locations
ICICI Bank,4.0,(46.2k),Banking,Mumbai +1446 other locations
Tech Mahindra,3.4,(43.6k),IT Services & Consulting,Hyderabad +323 other locations
Genpact,3.6,(42.7k),Analytics & KPO,Hyderabad +181 other locations
TP,3.9,(38.9k),BPO,Mumbai +256 other locations
Jio,4.4,(33.8k),Telecom,Mumbai +1961 other locations
Axis Bank,3.6,(33.5k),Banking,Mumbai +1524 other locations
Concentrix Corporation,3.6,(32.5k),BPO,Bengaluru +183 other locations
Amazon,3.9,(31.7k),Internet,Bengaluru +517 other locations
Reliance Retail,3.9,(27.5k),Retail,Mumbai +1163 other locations
iEnergizer,4.6,(27.2k),BPO,Noida +53 other locations
LTIMindtree,3.6,(26.6k),IT Services & Consulting,Bengaluru +145 other locations
IBM,3.9,(25.9k),IT Services & Consulting,Bengaluru +162 other locations
HDB Financial Services,3.9,(25.9k),NBFC,Mumbai +1094 other locations
Larsen & Toubro Limited,3.9,(24k),Engineering & Construction,Chennai +774 other locations
Deloitte,3.6,(23.4k),Management Consulting,Hyderabad +184 other locations
Kotak Mahindra Bank,3.6,(22.6k),Banking,Mumbai +692 other locations
Reliance Industries,4.0,(20.4k),Oil & Gas,Jamnagar +822 other locations
Vodafone Idea,3.9,(17.7k),Telecom,Pune +707 other locations
Bharti Airtel,3.8,(17.2k),Telecom,Gurugram +795 other locations
BYJU'S,3.2,(16.4k),EdTech,Bengaluru +321 other locations
WNS,3.3,(15.4k),IT Services & Consulting,Pune +66 other locations
IDFC FIRST Bank,3.9,(14.7k),Banking,Mumbai +732 other locations
Ernst & Young,3.4,(14.7k),Management Consulting,Bengaluru +135 other locations
IndusInd Bank,3.4,(14.4k),Banking,Mumbai +799 other locations
AU Small Finance Bank,3.8,(14.3k),Banking,Jaipur +804 other locations
Tata Motors,4.1,(14.2k),Automobile,Pune +506 other locations
Bajaj Finserv,4.0,(13.3k),NBFC,Pune +1203 other locations
Muthoot FinCorp,4.5,(13.2k),NBFC,Bengaluru +1123 other locations
Flipkart,3.9,(13.1k),Internet,Bengaluru +554 other locations
PwC,3.3,(12.8k),Management Consulting,Bengaluru +137 other locations
HDFC Life,3.8,(12.2k),Insurance,Mumbai +717 other locations
Infosys BPM,3.5,(12.2k),BPO,Bengaluru +95 other locations
Mahindra & Mahindra,4.0,(12.1k),Automobile,Pune +568 other locations
DXC Technology,3.6,(12.1k),IT Services & Consulting,Bengaluru +131 other locations
Bandhan Bank,3.7,(11.3k),Banking,Kolkata +1017 other locations
Digitide Solutions,3.5,(10.4k),IT Services & Consulting,Hyderabad +274 other locations
Mphasis,3.3,(10.3k),IT Services & Consulting,Bengaluru +64 other locations
Yes Bank,3.7,(10.3k),Banking,Mumbai +542 other locations
Tata Steel,4.0,(10k),Iron & Steel,Jamshedpur +228 other locations
Quess,3.8,(9.8k),Recruitment,Bengaluru +758 other locations
Asian Paints,3.9,(9.7k),Chemicals,Mumbai +556 other locations
Maruti Suzuki,4.1,(9.6k),Automobile,Gurugram +457 other locations
Startek,3.0,(9.6k),BPO,Bengaluru +104 other locations
UltraTech Cement,4.1,(9.5k),Building Material,Mumbai +541 other locations
Paytm,3.2,(9.4k),FinTech,Noida +427 other locations
Bajaj Finance,3.9,(9.3k),NBFC,Pune +1002 other locations
Shriram Finance,3.9,(9.2k),NBFC,Chennai +1121 other locations
Sutherland Global Services,3.4,(9.1k),BPO,Chennai +82 other locations
Equitas Small Finance Bank,4.3,(8.9k),Banking,Chennai +486 other locations
Wells Fargo,3.6,(8.8k),Financial Services,Bengaluru +27 other locations
EXL Service,3.6,(8.7k),Analytics & KPO,Noida +61 other locations
Cipla,4.1,(8.7k),Pharma,Mumbai +296 other locations
Ericsson,3.9,(8.4k),Telecom,Noida +161 other locations
Samsung,3.9,(8.4k),Consumer Electronics & Appliances,Noida +582 other locations
Dr. Reddy's,4.0,(8.3k),Pharma,Hyderabad +215 other locations
Optum Global Solutions,4.0,(8k),IT Services & Consulting,Hyderabad +69 other locations
JSW Steel,3.9,(8k),Iron & Steel,Ballari +199 other locations
JPMorgan Chase & Co.,3.8,(7.9k),Financial Services,Bengaluru +56 other locations
Delhivery,3.8,(7.9k),Logistics,Gurugram +765 other locations
ICICI Prudential Life Insurance,3.9,(7.8k),Insurance,Mumbai +512 other locations
Hexaware Technologies,3.4,(7.8k),IT Services & Consulting,Chennai +70 other locations
Jana Small Finance Bank,3.7,(7.7k),Banking,Bengaluru +425 other locations
Ujjivan Small Finance Bank,4.0,(7.7k),Banking,Bengaluru +544 other locations
Sun Pharmaceutical Industries,4.1,(7.7k),Pharma,Vadodara +264 other locations
HGS,3.7,(7.6k),Emerging Technologies,Bengaluru +122 other locations
Zydus Lifesciences,4.0,(7.6k),Pharma,Ahmedabad +181 other locations
Ekart Logistics,3.9,(7.5k),Logistics,Bengaluru +740 other locations
Amazon Development Centre India,3.8,(7.5k),Internet,Hyderabad +147 other locations
Lupin,4.1,(7.4k),Pharma,Pune +204 other locations
KPMG India,3.4,(7.4k),Management Consulting,Bengaluru +112 other locations
Axis Max Life Insurance,4.0,(7.3k),Insurance,New Delhi +511 other locations
L&T Construction,4.0,(7.3k),Engineering & Construction,Chennai +436 other locations
ITC,3.9,(7.2k),FMCG,Bengaluru +379 other locations
Hindustan Unilever,4.2,(7.2k),FMCG,Mumbai +545 other locations
Megha Engineering & Infrastructures,3.9,(7k),Engineering & Construction,Hyderabad +409 other locations
Coforge,3.3,(7k),IT Services & Consulting,Noida +103 other locations
Tata Projects,4.2,(6.9k),Engineering & Construction,Mumbai +288 other locations
Cholamandalam Investment & Finance,3.9,(6.7k),Financial Services,Chennai +870 other locations
Bajaj Life Insurance,3.8,(6.7k),Insurance,Pune +621 other locations
L&T Technology Services,3.0,(6.6k),IT Services & Consulting,Bengaluru +95 other locations
FIS,3.8,(6.6k),FinTech,Pune +60 other locations
Oracle,3.3,(6.6k),Software Product,Bengaluru +56 other locations
Omega Healthcare,3.8,(6.5k),BPO,Chennai +70 other locations
JLL,4.1,(6.5k),Real Estate,Gurugram +87 other locations
Muthoot Finance,3.7,(6.4k),NBFC,Bengaluru +796 other locations
IIFL Finance,4.0,(6.4k),NBFC,Mumbai +814 other locations
eClerx,3.1,(6.4k),IT Services & Consulting,Pune +32 other locations
Indian Army,4.7,(6.3k),Defence & Aerospace,New Delhi +363 other locations
Piramal Finance,4.2,(6.2k),NBFC,Mumbai +434 other locations
DMart,3.9,(6.2k),Retail,Mumbai +255 other locations
PolicyBazaar,3.7,(6.2k),Internet,Gurugram +158 other locations
Virtusa Consulting Services,3.7,(6.2k),IT Services & Consulting,Hyderabad +55 other locations
HSBC Group,3.8,(6.1k),Financial Services,Bengaluru +63 other locations
HCL Group,3.5,(6.1k),IT Services & Consulting,Chennai +97 other locations
Indiamart Intermesh,3.5,(6k),Internet,Noida +169 other locations
SMFG India Credit,3.9,(6k),NBFC,Mumbai +607 other locations
Access Healthcare,3.7,(6k),BPO,Chennai +62 other locations
BigBasket,3.9,(5.9k),Internet,Bengaluru +144 other locations
Siemens,4.0,(5.9k),Industrial Automation,Bengaluru +156 other locations
ICICI Lombard General Insurance Company,3.5,(5.8k),Insurance,Mumbai +321 other locations
Manappuram Finance,3.9,(5.8k),NBFC,Bengaluru +661 other locations
GlobalLogic,3.5,(5.8k),IT Services & Consulting,Hyderabad +62 other locations
Firstsource Solutions,3.5,(5.8k),BPO,Bengaluru +73 other locations
Aurobindo Pharma,4.0,(5.8k),Pharma,Hyderabad +115 other locations
Tata Capital,3.9,(5.8k),NBFC,Mumbai +454 other locations
Shapoorji Pallonji Group,4.1,(5.8k),Engineering & Construction,Mumbai +190 other locations
UST,3.7,(5.7k),IT Services & Consulting,Bengaluru +52 other locations
Standard Chartered,3.6,(5.7k),Banking,Chennai +69 other locations
Udaan,3.9,(5.7k),Internet,Bengaluru +366 other locations
Apollo Hospitals,4.0,(5.7k),Healthcare,Chennai +226 other locations
Mahindra Finance,3.9,(5.7k),NBFC,Mumbai +740 other locations
Bosch Global Software Technologies,3.7,(5.7k),IT Services & Consulting,Bengaluru +47 other locations
Swiggy,3.7,(5.7k),Internet,Bengaluru +238 other locations
Citicorp,3.6,(5.6k),Financial Services,Pune +68 other locations
Ashok Leyland,4.0,(5.6k),Automobile,Chennai +265 other locations
Hero MotoCorp,4.1,(5.5k),Automobile,Gurugram +373 other locations
CGI Inc,4.0,(5.5k),IT Services & Consulting,Bengaluru +43 other locations
Cyient,3.6,(5.3k),IT Services & Consulting,Hyderabad +49 other locations
SBI Cards & Payment Services,3.6,(5.3k),Financial Services,Gurugram +448 other locations
BNY,3.6,(5.3k),Financial Services,Pune +28 other locations
Kalpataru Projects International,4.2,(5.3k),Engineering & Construction,Mumbai +328 other locations
NTT DATA,3.8,(5.3k),IT Services & Consulting,Bengaluru +81 other locations
IQVIA,3.7,(5.3k),Clinical Research,Bengaluru +67 other locations
Nagarjuna Construction Company,4.0,(5.3k),Engineering & Construction,Hyderabad +300 other locations
Schneider Electric,4.1,(5.2k),Industrial Automation,Bengaluru +121 other locations
JustDial,3.5,(5.2k),Internet,Noida +237 other locations
SBI Life Insurance Company,3.7,(5.2k),Insurance,Mumbai +657 other locations
CBRE,4.1,(5.2k),Real Estate,Hyderabad +92 other locations
TVS Motor,3.8,(5.1k),Automobile,Hosur +354 other locations
Persistent Systems,3.6,(5.1k),IT Services & Consulting,Pune +42 other locations
State Bank of India,3.8,(5k),Banking,Mumbai +630 other locations
KEC International,4.0,(5k),Engineering & Construction,Mumbai +318 other locations
Atos,3.8,(5k),IT Services & Consulting,Pune +50 other locations
ITC Infotech,3.8,(4.9k),IT Services & Consulting,Bengaluru +69 other locations
vivo,4.0,(4.9k),Consumer Electronics & Appliances,Noida +415 other locations
Amdocs,3.6,(4.9k),Software Product,Pune +24 other locations
JBM Group,3.9,(4.9k),Auto Components,Gurugram +119 other locations
Varun Beverages,4.0,(4.9k),Beverage,New Delhi +384 other locations
Ecom Express,4.1,(4.8k),Logistics,Gurugram +780 other locations
Utkarsh Small Finance Bank,3.6,(4.8k),Banking,Varanasi +423 other locations
Nagarro,3.9,(4.8k),IT Services & Consulting,Gurugram +48 other locations
Eviden,3.6,(4.8k),IT Services & Consulting,Pune +39 other locations
Randstad,3.7,(4.7k),Recruitment,Hyderabad +370 other locations
EY Global Delivery Services ( EY GDS),3.5,(4.7k),IT Services & Consulting,Bengaluru +57 other locations
Bosch,4.1,(4.7k),Auto Components,Bengaluru +133 other locations
L&T Finance,3.9,(4.7k),NBFC,Mumbai +656 other locations
Havells,3.9,(4.7k),Electrical Equipment,Noida +266 other locations
Hewlett Packard Enterprise,4.0,(4.6k),IT Services & Consulting,Bengaluru +104 other locations
Aditya Birla Fashion and Retail,4.0,(4.6k),Fashion & Textile,Bengaluru +293 other locations
Intas Pharmaceuticals,4.1,(4.6k),Pharma,Ahmedabad +150 other locations
Cars24,3.4,(4.6k),Internet,Gurugram +172 other locations
R1 RCM,3.8,(4.6k),BPO,Hyderabad +49 other locations
Mahindra Logistics,3.7,(4.6k),Logistics,Mumbai +233 other locations
Hetero,3.9,(4.6k),Pharma,Hyderabad +71 other locations
Tata AIA Life Insurance,3.9,(4.6k),Insurance,Mumbai +455 other locations
Home Credit Finance,4.0,(4.6k),NBFC,Gurugram +139 other locations
Dell,3.8,(4.6k),Consumer Electronics & Appliances,Bengaluru +117 other locations
Deutsche Bank,3.8,(4.5k),Banking,Pune +42 other locations
Berger Paints,3.7,(4.5k),Chemicals,Kolkata +368 other locations
Lenskart,3.3,(4.5k),Internet,New Delhi +253 other locations
OPPO,3.9,(4.5k),Consumer Electronics & Appliances,Greater Noida +410 other locations
Hyundai Motor India Limited,4.1,(4.4k),Automobile,Chennai +292 other locations
Motilal Oswal Financial Services,3.7,(4.4k),Financial Services,Mumbai +169 other locations
TeamLease Services,3.9,(4.4k),Recruitment,Bengaluru +405 other locations
VE Commercial Vehicles,3.9,(4.4k),Automobile,Indore +181 other locations
Thermax Limited,4.2,(4.3k),Industrial Machinery,Pune +260 other locations
Macleods Pharmaceuticals,3.7,(4.3k),Pharma,Mumbai +138 other locations
Jubilant Foods Works,3.7,(4.3k),Hospitality,New Delhi +268 other locations
Carelon Global Solutions,3.9,(4.3k),IT Services & Consulting,Bengaluru +20 other locations
Aakash Educational Services,3.2,(4.2k),Education & Training,New Delhi +251 other locations
Bajaj Auto,3.8,(4.2k),Automobile,Pune +324 other locations
Jindal Steel Limited,3.9,(4.2k),Iron & Steel,Angul +175 other locations
State Street Corporation,3.5,(4.2k),Financial Services,Bengaluru +36 other locations
Hindalco Industries,4.2,(4.2k),Metals & Mining,Sambalpur +133 other locations
LG Electronics,3.8,(4.2k),Consumer Electronics & Appliances,Pune +301 other locations
Kogta Financial India Limited,4.7,(4.1k),NBFC,Jaipur +260 other locations
HDFC ERGO General Insurance,4.0,(4.1k),Insurance,Mumbai +328 other locations
Royal Enfield,4.2,(4.1k),Automobile,Chennai +374 other locations
DCB Bank,3.8,(4.1k),Banking,Mumbai +346 other locations
John Deere,4.0,(4.1k),Industrial Machinery,Pune +155 other locations
RBL Bank,3.5,(4.1k),Banking,Mumbai +294 other locations
Tata Communications,3.9,(4k),Telecom,Pune +102 other locations
Publicis Sapient,3.2,(4k),IT Services & Consulting,Bengaluru +47 other locations
Cummins,4.3,(4k),Industrial Machinery,Pune +115 other locations
Alembic Pharmaceuticals,3.9,(4k),Pharma,Vadodara +188 other locations
Bank of America,4.1,(4k),Banking,Gurugram +34 other locations
Pidilite Industries,4.2,(4k),Chemicals,Mumbai +321 other locations
Cloudnine Hospital,4.5,(3.9k),Healthcare,Bengaluru +46 other locations
Grasim Industries,4.0,(3.9k),Building Material,Bharuch +263 other locations
Aditya Birla Sun Life Insurance,4.0,(3.9k),Insurance,Mumbai +507 other locations
Oyo Rooms,3.0,(3.9k),Hospitality,Gurugram +121 other locations
American Express,4.1,(3.9k),Financial Services,Gurugram +54 other locations
Kyndryl,4.0,(3.9k),IT Services & Consulting,Bengaluru +39 other locations
PNB MetLife,3.3,(3.9k),Insurance,New Delhi +434 other locations
Subros,3.8,(3.9k),Auto Components,Noida +87 other locations
ADP Private Limited,3.8,(3.9k),Software Product,Hyderabad +41 other locations
Aditya Birla Capital,3.8,(3.9k),NBFC,Mumbai +350 other locations
KPIT Technologies,2.8,(3.8k),Software Product,Pune +43 other locations
Viatris,4.1,(3.8k),Pharma,Hyderabad +80 other locations
Escorts Kubota Limited,4.1,(3.8k),Industrial Machinery,Faridabad +159 other locations
Altruist Technologies,4.4,(3.8k),BPO,Bengaluru +43 other locations
XpressBees,4.2,(3.8k),Logistics,Pune +481 other locations
PVR INOX,3.9,(3.8k),Media & Entertainment,New Delhi +152 other locations
Maersk,3.9,(3.8k),Logistics,Chennai +50 other locations
JK Cement,4.0,(3.8k),Building Material,New Delhi +332 other locations
Reliance Communications,4.0,(3.8k),Telecom,Mumbai +466 other locations
Birlasoft,3.4,(3.8k),IT Services & Consulting,Pune +50 other locations
Synechron,3.4,(3.8k),IT Services & Consulting,Pune +33 other locations
Glenmark Pharmaceuticals,3.8,(3.7k),Pharma,Mumbai +190 other locations
Kotak Mahindra Life Insurance Company,3.5,(3.7k),Insurance,Mumbai +259 other locations
PhonePe,4.0,(3.7k),FinTech,Bengaluru +406 other locations
Bharat Electronics,4.2,(3.7k),Electronics Manufacturing,Bengaluru +87 other locations
Dabur,3.8,(3.7k),FMCG,New Delhi +320 other locations
Sodexo,4.0,(3.7k),Hospitality,Mumbai +162 other locations
Blinkit,3.8,(3.7k),Internet,Gurugram +160 other locations
Cogent E Services,3.1,(3.7k),BPO,Noida +57 other locations
Godrej & Boyce Manufacturing,3.8,(3.7k),Consumer Electronics & Appliances,Mumbai +172 other locations
Abbott,4.1,(3.7k),Pharma,Mumbai +214 other locations
Ipca Laboratories,3.8,(3.6k),Pharma,Mumbai +164 other locations
Aarti Industries,4.1,(3.6k),Agro Chemicals,Bharuch +59 other locations
Samvardhana Motherson Group,3.7,(3.6k),Auto Components,Noida +94 other locations
UNO Minda,4.0,(3.6k),Auto Components,Pune +111 other locations
ArcelorMittal Nippon Steel India,4.1,(3.6k),Iron & Steel,Surat +88 other locations
Reliance Projects & Property Management Services,4.0,(3.6k),Other,Kolkata +625 other locations
Reliance Digital,4.1,(3.6k),Retail,Mumbai +384 other locations
IGT Solutions,3.2,(3.6k),BPO,New Delhi +48 other locations
MRF Tyres,3.6,(3.6k),Auto Components,Chennai +195 other locations
Indian Oil Corporation,4.4,(3.6k),Oil & Gas,New Delhi +312 other locations
"NTT DATA, Inc.",3.9,(3.5k),IT Services & Consulting,Bengaluru +38 other locations
Johnson Controls,3.5,(3.5k),Industrial Automation,Pune +58 other locations
Alkem Laboratories,3.9,(3.5k),Pharma,Mumbai +200 other locations
[24]7.ai,3.4,(3.5k),Hospitality,Bengaluru +36 other locations
Honda Motorcycle & Scooter,4.1,(3.5k),Automobile,Gurugram +301 other locations
Vishal Mega Mart,3.7,(3.5k),Retail,New Delhi +380 other locations
Hindustan Coca Cola Beverages,4.0,(3.5k),Beverage,Bengaluru +265 other locations
UBS,3.8,(3.5k),Financial Services,Pune +19 other locations
Barclays,3.7,(3.5k),Banking,Pune +38 other locations
Bajaj General Insurance Limited,3.7,(3.4k),Insurance,Pune +308 other locations
DTDC Express,3.7,(3.4k),Logistics,New Delhi +273 other locations
IndusInd Nippon Life Insurance,3.4,(3.4k),Mumbai +494 other locations,
ABB,4.0,(3.4k),Industrial Machinery,Bengaluru +109 other locations
RSPL Group,4.0,(3.4k),FMCG,Kanpur +261 other locations
TVS Credit Services Ltd,4.2,(3.4k),NBFC,Chennai +445 other locations
Ceat Tyres,3.9,(3.4k),Auto Components,Nagpur +141 other locations
AGS Health,3.9,(3.4k),Analytics & KPO,Chennai +64 other locations
Ford Motor,4.2,(3.4k),Automobile,Chennai +130 other locations
NatWest Group,3.9,(3.4k),Banking,Gurugram +29 other locations
HARMAN,3.8,(3.3k),Consumer Electronics & Appliances,Bengaluru +42 other locations
Alstom Transportation,3.7,(3.3k),Engineering & Construction,Bengaluru +80 other locations
Croma,3.8,(3.3k),Retail,Mumbai +191 other locations
Niva Bupa Health Insurance Company,4.0,(3.3k),Insurance,New Delhi +323 other locations
Conduent,3.4,(3.3k),BPO,Bengaluru +36 other locations
InterGlobe Aviation,3.4,(3.3k),Aviation,New Delhi +104 other locations
Indian Air Force,4.6,(3.3k),Defence & Aerospace,New Delhi +134 other locations
Tata Technologies,3.4,(3.3k),Automobile,Pune +58 other locations
Tata AIG,4.0,(3.3k),Insurance,Mumbai +262 other locations
GeBBS Healthcare Solutions,3.8,(3.3k),BPO,Mumbai +26 other locations
Canara HSBC Life Insurance,4.1,(3.3k),Insurance,Gurugram +367 other locations
Sagility,3.9,(3.2k),BPO,Bengaluru +28 other locations
UPL,4.1,(3.2k),Agro Chemicals,Ankleshwar +185 other locations
Tata AutoComp Systems,3.7,(3.2k),Auto Components,Pune +79 other locations
PepsiCo,4.0,(3.2k),Food Processing,Hyderabad +280 other locations
Jindal Stainless,4.2,(3.2k),Iron & Steel,Jajpur +77 other locations
Allcargo Logistics,3.8,(3.2k),Logistics,Mumbai +175 other locations
Max Healthcare,4.0,(3.2k),Healthcare,New Delhi +78 other locations
Mankind Pharma,3.8,(3.2k),Pharma,New Delhi +247 other locations
Titan Company,4.2,(3.2k),Retail,Bengaluru +186 other locations
Amazon Transportation Services,4.2,(3.2k),Logistics,Hyderabad +224 other locations
Dilip Buildcon,3.9,(3.2k),Engineering & Construction,Bhopal +230 other locations
Societe Generale Global Solution Centre,3.6,(3.2k),IT Services & Consulting,Bengaluru +23 other locations
S&P Global,4.0,(3.1k),Analytics & KPO,Hyderabad +48 other locations
Walmart,3.5,(3.1k),Retail,Bengaluru +91 other locations
Varroc Group,3.6,(3.1k),Auto Components,Pune +63 other locations
MSN Laboratories,3.6,(3.1k),Pharma,Hyderabad +107 other locations
Marpu Foundation,4.9,(3.1k),Non-Profit,Hyderabad +61 other locations
Quest Global,3.5,(3.1k),IT Services & Consulting,Bengaluru +49 other locations
Afcons Infrastructure,4.2,(3.1k),Engineering & Construction,Mumbai +124 other locations
Ola Electric Mobility,3.3,(3.1k),Automobile,Bengaluru +443 other locations
Torrent Pharmaceuticals,4.0,(3.1k),Pharma,Ahmedabad +132 other locations
ESAF Small Finance Bank,3.6,(3.1k),Banking,Thrissur +459 other locations
IDFC FIRST Bharat,4.2,(3.1k),Financial Services,Chennai +445 other locations
DS Group,4.0,(3k),FMCG,Noida +289 other locations
HDFC Sales,3.9,(3k),Financial Services,Mumbai +352 other locations
Tata Elxsi,3.4,(3k),IT Services & Consulting,Bengaluru +31 other locations
Square Yards,3.5,(3k),Internet,Gurugram +51 other locations
Future Group,4.2,(3k),Retail,Mumbai +207 other locations
Bharat Financial Inclusion,3.7,(3k),Financial Services,Hyderabad +512 other locations
Zensar Technologies,3.7,(3k),IT Services & Consulting,Pune +29 other locations
Tata Electronics,3.9,(3k),Semiconductors,Hosur +59 other locations
CMS IT Services,3.1,(3k),IT Services & Consulting,Mumbai +153 other locations
Suzlon Group,4.0,(3k),Power,Pune +146 other locations
Indus Towers,3.6,(3k),Telecom,Gurugram +244 other locations
I Process Services,3.8,(3k),Recruitment,Mumbai +405 other locations
Fujitsu,3.8,(3k),IT Services & Consulting,Pune +41 other locations
ACC,3.9,(3k),Building Material,Mumbai +277 other locations
Eternal Limited,3.6,(3k),Internet,Gurugram +220 other locations
Zepto,3.5,(3k),Internet,Bengaluru +108 other locations
VVDN Technologies,3.6,(3k),IT Services & Consulting,Gurugram +51 other locations
IKS Health,3.6,(2.9k),BPO,Mumbai +32 other locations
Nokia,4.0,(2.9k),Telecom,Bengaluru +165 other locations
Shoppers Stop,4.0,(2.9k),Retail,Mumbai +85 other locations
Yazaki,3.9,(2.9k),Auto Components,Pune +94 other locations
Shree Cement,3.8,(2.9k),Building Material,Beawar +264 other locations
Apollo Tyres,4.0,(2.9k),Auto Components,Chennai +179 other locations
Fiserv,2.8,(2.9k),FinTech,Pune +33 other locations
Britannia,4.0,(2.8k),Hospitality,Pune +306 other locations
Landmark Group,3.8,(2.8k),Retail,Bengaluru +175 other locations
Dalmia Bharat Cement,3.9,(2.8k),Building Material,Guwahati +255 other locations
SRF,4.1,(2.8k),Chemicals,Bharuch +67 other locations
Kansai Nerolac Paints,3.8,(2.8k),Chemicals,Mumbai +263 other locations
Exl India,3.5,(2.8k),Logistics,New Delhi +45 other locations
Blue Dart Express Ltd,3.9,(2.8k),Logistics,Mumbai +279 other locations
Nestlé,3.8,(2.8k),FMCG,Gurugram +283 other locations
UnitedHealth,4.0,(2.8k),Healthcare,Hyderabad +18 other locations
ZS,3.1,(2.8k),Management Consulting,Pune +17 other locations
Exide Industries,3.4,(2.8k),Auto Components,Kolkata +198 other locations
Physicswallah,3.6,(2.8k),EdTech,Noida +142 other locations
Shell,3.9,(2.8k),Oil & Gas,Bengaluru +91 other locations
Star Health & Allied Insurance,3.5,(2.8k),Insurance,Chennai +336 other locations
Foxconn,3.8,(2.7k),Electronics Manufacturing,Chennai +64 other locations
KPMG Global Services,3.4,(2.7k),Management Consulting,Bengaluru +38 other locations
Flex,3.9,(2.7k),Electronics Manufacturing,Chennai +46 other locations
TVS Supply Chain Solutions,3.8,(2.7k),Logistics,Chennai +155 other locations
Micro Labs,3.6,(2.7k),Pharma,Bengaluru +155 other locations
ElasticRun,3.6,(2.7k),Logistics,Pune +390 other locations
KFintech,3.3,(2.7k),Financial Services,Hyderabad +113 other locations
Whitehat jr,3.3,(2.7k),EdTech,Mumbai +48 other locations
Capita,3.5,(2.7k),BPO,Pune +32 other locations
G4S,4.0,(2.7k),Law Enforcement & Security,Gurugram +166 other locations
Ajanta Pharma,3.9,(2.7k),Pharma,Mumbai +118 other locations
Care Health Insurance,3.5,(2.7k),Insurance,Gurugram +256 other locations
Blue Star,4.0,(2.7k),Consumer Electronics & Appliances,Mumbai +148 other locations
Gallagher,3.6,(2.7k),Insurance,Bengaluru +29 other locations
Sonalika Tractors,3.5,(2.7k),Automobile,Hoshiarpur +197 other locations
Movate,3.1,(2.7k),IT Services & Consulting,Chennai +38 other locations
Voltas,4.0,(2.7k),Consumer Electronics & Appliances,Mumbai +203 other locations
Photon Interactive,4.1,(2.6k),IT Services & Consulting,Chennai +19 other locations
Tata Advanced Systems,3.7,(2.6k),Defence & Aerospace,Bengaluru +58 other locations
BlackBuck,3.7,(2.6k),Internet,Bengaluru +363 other locations
DBS Bank,3.7,(2.6k),Banking,Hyderabad +180 other locations
NoBroker,3.0,(2.6k),Internet,Bengaluru +46 other locations
ACT Fibernet,3.8,(2.6k),Telecom,Hyderabad +57 other locations
Adani Power,3.7,(2.6k),Power,Mundra +130 other locations
Domino's Pizza,3.9,(2.6k),Hospitality,New Delhi +253 other locations
Foundever,3.4,(2.6k),BPO,Hyderabad +21 other locations
IntouchCX,2.7,(2.6k),BPO,Hyderabad +22 other locations
Fortis Healthcare,4.0,(2.6k),Healthcare,New Delhi +69 other locations
BT Group,3.8,(2.6k),Telecom,Gurugram +26 other locations
Himalaya Wellness,3.9,(2.6k),Pharma,Bengaluru +243 other locations
Laurus Labs,4.3,(2.6k),Pharma,Visakhapatnam +34 other locations
Sahrudaya Healthcare (Medicover Hospitals),4.3,(2.6k),Healthcare,Hyderabad +46 other locations
V-Mart,4.0,(2.6k),Retail,Gurugram +286 other locations
JCB,3.8,(2.5k),Industrial Machinery,Pune +111 other locations
Alldigi Tech,3.9,(2.5k),BPO,Chennai +36 other locations
Sterlite Technologies,3.8,(2.5k),Hardware & Networking,Chhatrapati Sambhajinagar +100 other locations
Northern Trust Operating Services,3.6,(2.5k),Financial Services,Bengaluru +27 other locations
Tractors and Farm Equipment,3.9,(2.5k),Industrial Machinery,Chennai +192 other locations
Bajaj Electricals,3.9,(2.5k),Consumer Electronics & Appliances,Mumbai +235 other locations
Sammaan Capital Limited,3.7,(2.5k),NBFC,Gurugram +199 other locations
Adani Group,3.8,(2.5k),Power,Ahmedabad +201 other locations
Parle Agro,3.9,(2.5k),Beverage,Mumbai +259 other locations
CorroHealth Infotech,3.6,(2.5k),Analytics & KPO,Hyderabad +38 other locations
ICICI Securities,3.9,(2.5k),Financial Services,Mumbai +152 other locations
Emcure Pharmaceuticals,3.7,(2.5k),Pharma,Pune +120 other locations
Planet Spark,3.8,(2.5k),EdTech,Gurugram +59 other locations
Biocon Limited,4.0,(2.5k),Biotechnology,Bengaluru +66 other locations
TaskUs,3.0,(2.5k),BPO,Indore +38 other locations
Hero FinCorp,3.9,(2.4k),NBFC,New Delhi +395 other locations
Intellect Design Arena,3.5,(2.4k),Software Product,Chennai +40 other locations
McDonald's,3.9,(2.4k),Hospitality,New Delhi +151 other locations
Mahindra Holidays & Resorts,3.5,(2.4k),Hospitality,Mumbai +114 other locations
Datamatics Global Services,3.4,(2.4k),IT Services & Consulting,Mumbai +38 other locations
Paras Hospital,4.1,(2.4k),Healthcare,Patna +60 other locations
Mahindra Rural Housing Finance,4.0,(2.4k),NBFC,Mumbai +473 other locations
Cadila Pharmaceuticals,3.2,(2.4k),Pharma,Ahmedabad +136 other locations
Patanjali Ayurved,3.9,(2.4k),FMCG,Haridwar +300 other locations
GAO Tek,4.4,(2.4k),Electrical Equipment,New York +45 other locations
Syngene International,3.7,(2.4k),Clinical Research,Bengaluru +22 other locations
Statestreet HCL Services,3.4,(2.4k),BPO,Chennai +18 other locations
Aditya Birla Group,4.1,(2.4k),Metals & Mining,Mumbai +273 other locations
Taj Hotels Resorts and Palaces,4.2,(2.4k),Hospitality,Mumbai +114 other locations
Cholamandalam MS General Insurance,3.7,(2.4k),Insurance,Chennai +394 other locations
Bureau Veritas,3.8,(2.4k),Other,Mumbai +150 other locations
RMSI,3.5,(2.4k),IT Services & Consulting,Hyderabad +25 other locations
3i Infotech,3.4,(2.4k),IT Services & Consulting,Mumbai +131 other locations
Info Edge,3.8,(2.4k),Internet,Noida +70 other locations
Newgen Software Technologies,4.1,(2.4k),IT Services & Consulting,Noida +32 other locations
Delhi Public School,3.7,(2.4k),Education & Training,New Delhi +277 other locations
Axis Direct,3.7,(2.4k),Financial Services,Mumbai +270 other locations
Capgemini Engineering,3.3,(2.4k),IT Services & Consulting,Bengaluru +28 other locations
Aavas Financiers,3.9,(2.4k),NBFC,Jaipur +296 other locations
Cybage,3.7,(2.4k),IT Services & Consulting,Pune +15 other locations
Straive,3.3,(2.3k),IT Services & Consulting,Chennai +32 other locations
KocharTech,3.6,(2.3k),IT Services & Consulting,Kolkata +25 other locations
Sopra Steria,3.9,(2.3k),IT Services & Consulting,Noida +19 other locations
Xoriant,4.0,(2.3k),IT Services & Consulting,Pune +23 other locations
Lodha,4.2,(2.3k),Real Estate,Mumbai +29 other locations
Kia India,3.9,(2.3k),Automobile,Anantapur +190 other locations
Apollo Pharmacy,3.7,(2.3k),Pharma,Hyderabad +289 other locations
GVK Emergency Management and Research Institute,3.6,(2.3k),Non-Profit,Lucknow +216 other locations
TCE,3.8,(2.3k),Engineering & Construction,Mumbai +133 other locations
Akums Drugs & Pharmaceuticals Limited,4.2,(2.3k),Pharma,Haridwar +39 other locations
Sobha,3.8,(2.3k),Real Estate,Bengaluru +39 other locations
Isgec Heavy Engineering,3.8,(2.3k),Engineering & Construction,Noida +225 other locations
Eureka Forbes,3.6,(2.3k),Consumer Electronics & Appliances,Mumbai +185 other locations
Lifestyle,4.2,(2.3k),Retail,Bengaluru +129 other locations
SBI Securities,3.6,(2.3k),Financial Services,Mumbai +321 other locations
Bharat Petroleum,4.2,(2.3k),Oil & Gas,Mumbai +263 other locations
Team Computers,3.6,(2.3k),IT Services & Consulting,New Delhi +108 other locations
Endurance Technologies Limited,3.9,(2.3k),Auto Components,Chhatrapati Sambhajinagar +51 other locations
Star Union Dai-ichi Life Insurance,3.8,(2.3k),Insurance,Mumbai +329 other locations
Panasonic Life Solutions India,4.0,(2.3k),Consumer Electronics & Appliances,Mumbai +168 other locations
Radisson Hotels,4.0,(2.3k),Hospitality,New Delhi +131 other locations
Daikin Airconditioning India Pvt. Ltd.,4.2,(2.3k),Consumer Electronics & Appliances,Neemrana +108 other locations
Myntra,3.8,(2.3k),Internet,Bengaluru +102 other locations
BNP Paribas,3.7,(2.3k),Banking,Mumbai +27 other locations
Unacademy,2.9,(2.3k),EdTech,Bengaluru +73 other locations
AWL Agri Business,4.1,(2.3k),FMCG,Ahmedabad +204 other locations
Bharti AXA Life Insurance,3.6,(2.2k),Insurance,Mumbai +245 other locations
SBI General Insurance,3.5,(2.2k),Insurance,Mumbai +294 other locations
Cisco,4.1,(2.2k),Hardware & Networking,Bengaluru +47 other locations
Renault Nissan Technology & Business Centre India,3.7,(2.2k),Automobile,Chennai +21 other locations
Lava International,3.8,(2.2k),Consumer Electronics & Appliances,Noida +223 other locations
Coromandel International,4.1,(2.2k),Agro Chemicals,Visakhapatnam +186 other locations
Allstate,3.7,(2.2k),Insurance,Pune +17 other locations
Sify Technologies,3.6,(2.2k),IT Services & Consulting,Chennai +135 other locations
Whirlpool,4.0,(2.2k),Consumer Electronics & Appliances,Pune +172 other locations
ValueLabs,3.4,(2.2k),IT Services & Consulting,Hyderabad +21 other locations
GlaxoSmithKline Pharmaceuticals,4.1,(2.2k),Pharma,Bengaluru +216 other locations
Ambuja Cements,3.8,(2.2k),Building Material,Mumbai +260 other locations
Meesho,3.7,(2.2k),Internet,Bengaluru +133 other locations
Indian Railways,4.2,(2.2k),Railways,Kolkata +250 other locations
Shahi Exports,3.9,(2.2k),Fashion & Textile,Bengaluru +71 other locations
Henry Harvin Education,3.9,(2.2k),EdTech,Noida +34 other locations
Mercedes-Benz Research and Development India,3.6,(2.2k),IT Services & Consulting,Bengaluru +53 other locations
Bank of Baroda,3.5,(2.2k),Banking,Mumbai +301 other locations
Spark Minda,3.8,(2.2k),Auto Components,Pune +77 other locations
Generali Central Life Insurance,3.4,(2.2k),Insurance,Mumbai +208 other locations
Nokia Networks,4.1,(2.2k),Hardware & Networking,Bengaluru +86 other locations
Poonawalla Fincorp,3.5,(2.2k),NBFC,Pune +266 other locations
Life Insurance Corporation of India,4.4,(2.2k),Insurance,New Delhi +478 other locations
JK Tyre,3.8,(2.2k),Auto Components,Chennai +148 other locations
Brakes India,3.9,(2.2k),Auto Components,Chennai +100 other locations
Jio Platforms,3.4,(2.1k),IT Services & Consulting,Mumbai +105 other locations
Manipal Hospitals,4.0,(2.2k),Healthcare,Bengaluru +66 other locations
Cargill,3.9,(2.1k),Food Processing,Bengaluru +124 other locations
upGrad,3.3,(2.1k),EdTech,Bengaluru +51 other locations
Saint-Gobain,3.8,(2.1k),Building Material,Mumbai +104 other locations
Microsoft Corporation,3.8,(2.1k),Software Product,Bengaluru +46 other locations
FirstCry,3.5,(2.1k),Retail,Pune +213 other locations
Nuvoco Vistas,4.1,(2.1k),Building Material,Kolkata +203 other locations
CAMS,3.6,(2.1k),Financial Services,Chennai +109 other locations
BHEL,4.2,(2.1k),Electrical Equipment,Bengaluru +136 other locations
Power Mech Projects,3.8,(2.1k),Engineering & Construction,Hyderabad +151 other locations
Kotak Securities,3.5,(2.1k),Financial Services,Mumbai +143 other locations
Infinite Computer Solutions,3.2,(2.1k),IT Services & Consulting,Bengaluru +36 other locations
NTT DATA Business Solutions,4.1,(2.1k),IT Services & Consulting,Bengaluru +32 other locations
Force Motors,3.7,(2.1k),Automobile,Pune +106 other locations
Pfizer,3.9,(2.1k),Pharma,Visakhapatnam +133 other locations
CitiusTech,3.1,(2.1k),IT Services & Consulting,Mumbai +17 other locations
Huawei Technologies,4.1,(2.1k),Telecom,Bengaluru +104 other locations
"Maruti Suzuki India Limited, Hansalpur",4.2,(2.1k),Automobile,Ahmedabad +108 other locations
Simplex Infrastructures,3.4,(2.1k),Engineering & Construction,Kolkata +137 other locations
IndusInd General Insurance,3.6,(2.1k),Insurance,Mumbai +197 other locations
ITC Hotels,4.1,(2.1k),Hospitality,Bengaluru +94 other locations
Reliance Trends,4.1,(2.1k),Retail,Bengaluru +396 other locations
Biological E,4.2,(2.1k),Pharma,Hyderabad +74 other locations
Morgan Stanley,3.6,(2.1k),Financial Services,Mumbai +19 other locations
Raymond Lifestyle Limited,4.1,(2.1k),Fashion & Textile,Mumbai +150 other locations
SGS,3.7,(2.1k),Engineering & Construction,Mumbai +148 other locations
Delphi TVS,3.8,(2.1k),Auto Components,Chennai +61 other locations
EPAM Systems,3.7,(2.1k),IT Services & Consulting,Hyderabad +36 other locations
K12 Techno Services,3.7,(2.1k),EdTech,Bengaluru +43 other locations
Ola Cabs,3.2,(2.1k),Internet,Bengaluru +112 other locations
Renault-Nissan,4.1,(2k),Automobile,Chennai +85 other locations
Extramarks Education,3.3,(2k),EdTech,Noida +112 other locations
YASH Technologies,3.7,(2k),IT Services & Consulting,Hyderabad +32 other locations
Aditya Birla Health Insurance Co,3.7,(2k),Insurance,Mumbai +256 other locations
Narayana Health,4.0,(2k),Healthcare,Bengaluru +65 other locations
Novartis,4.2,(2k),Pharma,Hyderabad +75 other locations
Shadowfax Technologies,3.5,(2k),Logistics,Bengaluru +250 other locations
Senco Gold,4.4,(2k),Jewellery,Kolkata +83 other locations
Trent,3.9,(2k),Retail,Mumbai +150 other locations
IDBI Bank,3.3,(2k),Banking,Mumbai +338 other locations
Provana,4.1,(2k),BPO,Noida +12 other locations
HSBC Electronic Data Processing,4.0,(2k),IT Services & Consulting,Bengaluru +19 other locations
AECOM,4.2,(2k),Engineering & Construction,Gurugram +124 other locations
Haier Appliances India,3.9,(2k),Consumer Electronics & Appliances,Pune +164 other locations
SAP,4.1,(2k),Software Product,Bengaluru +53 other locations
Honeywell Automation,3.8,(2k),Industrial Automation,Pune +78 other locations
R.R. Donnelley,3.6,(2k),Marketing & Advertising,Chennai +26 other locations
Ninjacart,3.8,(2k),Internet,Bengaluru +114 other locations
Ninjacart,3.8,(2k),Internet,Bengaluru +114 other locations
L&T Energy Hydrocarbon,3.8,(2k),Engineering & Construction,Vadodara +89 other locations
Motherson Automotive Technologies and Engineering,3.7,(2k),Auto Components,Chennai +67 other locations
State Street Syntel,3.7,(2k),Financial Services,Pune +21 other locations
Paisabazaar.com,3.4,(2k),Internet,Gurugram +35 other locations
NCR Voyix,3.4,(2k),IT Services & Consulting,Hyderabad +89 other locations
Uflex,3.8,(2k),Packaging,Noida +48 other locations
Globiva,3.0,(2k),BPO,Gurugram +30 other locations
CMS Infosystems,3.5,(2k),Software Product,Mumbai +223 other locations
V-Guard,4.3,(2k),Consumer Electronics & Appliances,Kochi +171 other locations
Spinny,3.6,(2k),Internet,Gurugram +62 other locations
Microland,3.5,(2k),IT Services & Consulting,Bengaluru +46 other locations
Dr Lal PathLabs,4.2,(2k),Healthcare,New Delhi +201 other locations
Aye Finance,4.1,(2k),NBFC,Gurugram +379 other locations
Adecco Group,3.8,(1.9k),Recruitment,Bengaluru +185 other locations
Crisil,3.5,(1.9k),Analytics & KPO,Mumbai +81 other locations
CNH (Case New Holland),3.7,(1.9k),Industrial Machinery,Gurugram +141 other locations
Philips,3.8,(1.9k),Medical Equipment,Bengaluru +97 other locations
Aadhar Housing Finance,4.0,(1.9k),NBFC,Mumbai +331 other locations
Gabriel India Limited,4.1,(1.9k),Auto Components,Pune +52 other locations
TELUS Digital,3.5,(1.9k),IT Services & Consulting,Noida +27 other locations
Angel One,3.5,(1.9k),FinTech,Mumbai +133 other locations
Parle Products,3.9,(1.9k),FMCG,Mumbai +248 other locations
HTC Global Services,3.4,(1.9k),IT Services & Consulting,Chennai +32 other locations
DHL Supply Chain,4.2,(1.9k),Logistics,Mumbai +100 other locations
Tata Power,3.9,(1.9k),Power,Mumbai +155 other locations
G R Infraprojects,4.1,(1.9k),Engineering & Construction,Gurugram +160 other locations
Thomson Reuters,3.7,(1.9k),Software Product,Bengaluru +27 other locations
CSB Bank,3.2,(1.9k),Banking,Mumbai +236 other locations
Iris Software,3.7,(1.9k),IT Services & Consulting,Noida +23 other locations
NTPC,4.2,(1.9k),Power,New Delhi +124 other locations
Google,4.4,(1.9k),Software Product,Bengaluru +86 other locations
Trident Group,3.2,(1.9k),Hospitality,Barnala +58 other locations
ICICI Home Finance,3.7,(1.9k),Financial Services,Mumbai +221 other locations
Lucas-TVS,3.9,(1.9k),Auto Components,Chennai +78 other locations
Safexpress,3.9,(1.9k),Logistics,New Delhi +158 other locations
Verizon,3.5,(1.9k),Telecom,Hyderabad +12 other locations
Infinx,3.7,(1.9k),Software Product,Hyderabad +36 other locations
PI Industries,3.8,(1.9k),Agro Chemicals,Vadodara +108 other locations
Godrej Properties,3.6,(1.9k),Real Estate,Mumbai +35 other locations
NeoSOFT,3.3,(1.9k),IT Services & Consulting,Mumbai +25 other locations
Tekwissen,4.9,(1.9k),IT Services & Consulting,Visakhapatnam +5 other locations
Torrent Power,3.8,(1.9k),Power,Ahmedabad +61 other locations
Polycab Wires,4.0,(1.9k),Electrical Equipment,Vadodara +167 other locations
Jindal Saw,4.0,(1.9k),Iron & Steel,Mundra +78 other locations
Hindustan Aeronautics,4.3,(1.9k),Defence & Aerospace,Bengaluru +64 other locations
Tata Tele Business Services,3.5,(1.9k),Telecom,Mumbai +136 other locations
Medi Assist India,3.5,(1.9k),Insurance,Bengaluru +67 other locations
TVS Sundram Fasteners,3.6,(1.9k),Auto Components,Chennai +64 other locations
Aragen Life Sciences,3.9,(1.9k),Clinical Research,Hyderabad +29 other locations
AXA Global Business Services,3.7,(1.9k),IT Services & Consulting,Pune +12 other locations
Fusion CX,3.2,(1.9k),BPO,Kolkata +59 other locations
KENT RO Systems,3.7,(1.9k),Consumer Electronics & Appliances,Noida +153 other locations
Capri Global Capital,3.6,(1.9k),NBFC,New Delhi +340 other locations
Infra.Market,3.9,(1.9k),Building Material,Mumbai +134 other locations
First American (India),3.5,(1.8k),Insurance,Bengaluru +22 other locations
Orchids International School,3.9,(1.8k),Education & Training,Bengaluru +35 other locations
AkzoNobel,4.1,(1.8k),Chemicals,Pune +160 other locations
Digit Insurance,3.6,(1.8k),Insurance,Bengaluru +93 other locations
Honda Cars,4.3,(1.8k),Automobile,Bhiwadi +114 other locations
Haldiram Foods International Limited,3.8,(1.8k),FMCG,Nagpur +170 other locations
DIVI'S Laboratories,3.6,(1.8k),Pharma,Visakhapatnam +38 other locations
Hindustan Petroleum,4.2,(1.8k),Oil & Gas,Mumbai +259 other locations
Innovsource Services,3.9,(1.8k),Recruitment,Mumbai +253 other locations
Sterling & Wilson,4.1,(1.8k),Engineering & Construction,Mumbai +132 other locations
MetLife,4.0,(1.8k),Insurance,Noida +44 other locations
Cafe Coffee Day,3.7,(1.8k),Hospitality,Bengaluru +104 other locations
Adani Green Energy,3.9,(1.8k),Power,Ahmedabad +116 other locations
Rungta Mines,4.0,(1.8k),Metals & Mining,Chaibasa +58 other locations
Air India,3.4,(1.8k),Aviation,New Delhi +67 other locations
SS&C TECHNOLOGIES,3.2,(1.8k),IT Services & Consulting,Mumbai +30 other locations
Stellar Migration,1.3,(1.8k),Other,Dubai +7 other locations
USHA International,4.0,(1.8k),Consumer Electronics & Appliances,Gurugram +150 other locations
Reckitt Benckiser,3.9,(1.8k),FMCG,Gurugram +138 other locations
LivSpace,3.3,(1.8k),Architecture & Interior Design,Bengaluru +53 other locations
USV,4.0,(1.8k),Pharma,Mumbai +107 other locations
Tata Communications Transformation Services,3.8,(1.8k),Telecom,Pune +95 other locations
Pine Labs,3.2,(1.8k),FinTech,Noida +122 other locations
XBP Global,3.2,(1.8k),Internet,Chennai +23 other locations
Kalyan Jewellers,4.4,(1.8k),Jewellery,Thrissur +159 other locations
Annapurna Finance,3.8,(1.8k),NBFC,Bhubaneswar +406 other locations
HDFC Securities,3.4,(1.8k),Financial Services,Mumbai +185 other locations
BT Business,3.9,(1.8k),Telecom,Gurugram +13 other locations
Security and Intelligence Services (India),4.0,(1.7k),Law Enforcement & Security,New Delhi +195 other locations
Granules India Limited,3.8,(1.7k),Pharma,Hyderabad +23 other locations
Vedantu,3.2,(1.7k),EdTech,Bengaluru +73 other locations
Bata,3.5,(1.7k),Fashion & Textile,Gurugram +150 other locations
BVG India,4.2,(1.7k),Facility Management Services,Pune +139 other locations
Hitachi Astemo,4.1,(1.7k),Auto Components,Neemrana +54 other locations
Orange Business,4.1,(1.7k),IT Services & Consulting,Gurugram +52 other locations
Future Retail,4.4,(1.7k),Retail,Mumbai +197 other locations
Dhani Loans and Services,3.8,(1.7k),NBFC,Gurugram +185 other locations
Cushman & Wakefield,4.1,(1.7k),Real Estate,Gurugram +44 other locations
Mother Dairy Fruit & Vegetable,4.0,(1.7k),Hospitality,New Delhi +129 other locations
TTEC India,3.7,(1.7k),BPO,Ahmedabad +35 other locations
IIFL SAMASTA,3.7,(1.7k),NBFC,Bengaluru +413 other locations
Metro Cash & Carry,4.0,(1.7k),Retail,Bengaluru +89 other locations
HighRadius,2.5,(1.7k),Software Product,Hyderabad +15 other locations
NielsenIQ,3.4,(1.7k),Analytics & KPO,Chennai +55 other locations
Caterpillar Inc,4.1,(1.7k),Industrial Machinery,Chennai +43 other locations
Medanta the Medicity,4.0,(1.7k),Healthcare,Gurugram +50 other locations
FactSet,3.7,(1.7k),Analytics & KPO,Hyderabad +16 other locations
Sysnet Global Technologies,3.7,(1.7k),IT Services & Consulting,New Delhi +154 other locations
Indian Navy,4.6,(1.7k),Defence & Aerospace,Mumbai +76 other locations
NEC,4.0,(1.7k),IT Services & Consulting,Noida +54 other locations
Health Care Global Enterprises,4.4,(1.7k),Healthcare,Bengaluru +53 other locations
Cavinkare,3.9,(1.7k),FMCG,Chennai +172 other locations
Frankfinn Institute of Air Hostess Training,3.9,(1.7k),Education & Training,Gurugram +61 other locations
KONE,4.1,(1.7k),Industrial Machinery,Chennai +76 other locations
Patanjali Foods,3.7,(1.7k),FMCG,Haridwar +240 other locations
Compass Group Support Services,4.0,(1.7k),Hospitality,Bengaluru +78 other locations
L.G.Balakrishnan & Bros,3.5,(1.7k),Auto Components,Coimbatore +63 other locations
Tata 1mg,3.6,(1.7k),Internet,Gurugram +65 other locations
Rane (Madras),3.9,(1.7k),Auto Components,Chennai +58 other locations
Clover Infotech,3.4,(1.7k),IT Services & Consulting,Mumbai +23 other locations
Yamaha Motor,4.1,(1.7k),Automobile,Chennai +155 other locations
DHL Express,4.1,(1.7k),Logistics,Mumbai +90 other locations
MagicBricks,3.9,(1.7k),Internet,Noida +35 other locations
BA Continuum,3.9,(1.7k),IT Services & Consulting,Hyderabad +17 other locations
ReNew,4.2,(1.7k),Power,Gurugram +105 other locations
JSW Bhushan Power & Steel,4.0,(1.7k),Iron & Steel,Jharsuguda +64 other locations
CG Power and Industrial Solutions,3.8,(1.6k),Electrical Equipment,Bhopal +91 other locations
Vardhman Fabrics,4.0,(1.6k),Fashion & Textile,Baddi +65 other locations
Shriram Life Insurance,3.5,(1.6k),Insurance,Hyderabad +339 other locations
Suryoday Small Finance Bank,3.9,(1.6k),Banking,Mumbai +233 other locations
Procter & Gamble,4.0,(1.6k),FMCG,Mumbai +255 other locations
Johnson & Johnson,3.9,(1.6k),Healthcare,Mumbai +169 other locations
Belrise Industries,3.7,(1.6k),Auto Components,Pune +56 other locations
Matrimony.com,3.9,(1.6k),Internet,Chennai +63 other locations
Toyota Kirloskar Motor,4.3,(1.6k),Automobile,Bengaluru +92 other locations
Wipro Enterprises Ltd,3.8,(1.6k),FMCG,Bengaluru +121 other locations
CMA CGM,4.0,(1.6k),Ports & Shipping,Chennai +37 other locations
Arvind Group,4.0,(1.6k),Fashion & Textile,Ahmedabad +91 other locations
Coronis Ajuba Solutions,3.9,(1.6k),BPO,Chennai +31 other locations
Krishna Maruti,3.8,(1.6k),Auto Components,Gurugram +53 other locations
Goldman Sachs,3.4,(1.6k),Financial Services,Bengaluru +22 other locations
Chegg,4.1,(1.6k),EdTech,New Delhi +78 other locations
Veritas Finance,4.2,(1.6k),NBFC,Chennai +301 other locations
HERE Technologies,3.8,(1.6k),IT Services & Consulting,Mumbai +19 other locations
Marico,3.8,(1.6k),FMCG,Mumbai +187 other locations
Dixon Technologies,3.9,(1.6k),Electronics Manufacturing,Noida +47 other locations
Godrej Industries Group,3.9,(1.6k),Real Estate,Mumbai +152 other locations
Hero Motors Company,3.9,(1.6k),Automobile,Ghaziabad +228 other locations
Tata Play,4.0,(1.6k),Broadcasting,Mumbai +224 other locations
Welspun Living Limited,3.9,(1.6k),Fashion & Textile,Anjar +87 other locations
Sanofi,4.0,(1.6k),Pharma,Hyderabad +92 other locations
Teva Pharmaceuticals,3.9,(1.6k),Pharma,Bengaluru +53 other locations
Satin Creditcare Network,3.9,(1.6k),NBFC,Gurugram +333 other locations
Urban Company,3.3,(1.6k),Internet,Gurugram +60 other locations
iOPEX Technologies,3.1,(1.6k),IT Services & Consulting,Chennai +15 other locations
Supreme Industries,4.1,(1.6k),Petrochemicals,Gwalior +126 other locations
Labmentix,4.5,(1.6k),Bengaluru +32 other locations,
Emami,3.8,(1.6k),FMCG,Kolkata +170 other locations
ZF Commercial Vehicle Control Systems,3.8,(1.6k),Auto Components,Chennai +50 other locations
IndiaFirst Life Insurance,3.8,(1.6k),Insurance,Mumbai +250 other locations
Wockhardt,3.7,(1.6k),Pharma,Chhatrapati Sambhajinagar +84 other locations
Asahi India Glass,3.8,(1.6k),Auto Components,Chennai +90 other locations
Mercer,3.6,(1.6k),Management Consulting,New Delhi +17 other locations
PharmEasy,3.7,(1.6k),Internet,Bengaluru +69 other locations
Relaxo Footwear,4.0,(1.6k),Fashion & Textile,New Delhi +160 other locations
Broadridge Financial Solutions,3.8,(1.6k),FinTech,Hyderabad +15 other locations
Cemindia Projects,4.2,(1.6k),Engineering & Construction,Kolkata +88 other locations
KFC,4.0,(1.6k),Hospitality,New Delhi +174 other locations
Kotak Mahindra Prime,3.9,(1.6k),NBFC,Mumbai +177 other locations
mPokket,4.5,(1.6k),NBFC,Kolkata +22 other locations
IFB,3.6,(1.6k),Consumer Electronics & Appliances,Bengaluru +178 other locations
Marriott International,4.1,(1.6k),Hospitality,Bengaluru +91 other locations
Lumax Industries,3.9,(1.6k),Auto Components,Gurugram +43 other locations
Amul India,4.0,(1.5k),Hospitality,Ahmedabad +207 other locations
Gujarat Fluorochemicals,3.9,(1.5k),Chemicals,Bharuch +31 other locations
Honda,4.0,(1.5k),Automobile,Gurugram +229 other locations
Tata Consumer Products,3.5,(1.5k),FMCG,Bengaluru +230 other locations
Nayara Energy,4.2,(1.5k),Oil & Gas,Jamnagar +98 other locations
Muthoot Microfin,4.2,(1.5k),NBFC,Kochi +416 other locations
Bajaj Capital,3.6,(1.5k),Financial Services,New Delhi +172 other locations
SHYAM METALICS AND ENERGY,3.4,(1.5k),Metals & Mining,Kolkata +77 other locations
Patra India,3.5,(1.5k),BPO,Visakhapatnam +27 other locations
Suguna Foods,3.9,(1.5k),Food Processing,Coimbatore +207 other locations
Hinduja Leyland Finance,3.9,(1.5k),NBFC,Chennai +299 other locations
Karur Vysya Bank,3.5,(1.5k),Banking,Chennai +194 other locations
Bisleri,4.2,(1.5k),Beverage,Mumbai +183 other locations
Dainik Bhaskar Group,4.1,(1.5k),Printing & Publishing,Bhopal +136 other locations
American Broadcasting Company,4.0,(1.5k),Engineering & Construction,Bengaluru +98 other locations
XL Dynamics,3.6,(1.5k),IT Services & Consulting,Mumbai +31 other locations
Tesco,3.6,(1.5k),Retail,Bengaluru +17 other locations
Evalueserve,3.0,(1.5k),Analytics & KPO,Gurugram +15 other locations
Steel Strips Wheels,3.7,(1.5k),Auto Components,Chennai +51 other locations
Oracle Cerner,3.3,(1.5k),Software Product,Bengaluru +7 other locations
GE VERNOVA,4.1,(1.5k),Power,Bengaluru +85 other locations
SAI Life Sciences,3.9,(1.5k),Clinical Research,Hyderabad +26 other locations
Piramal Pharma,3.9,(1.5k),Pharma,Mumbai +83 other locations
Canara Bank,3.6,(1.5k),Banking,Bengaluru +227 other locations
Sonata Software,3.4,(1.5k),IT Services & Consulting,Bengaluru +17 other locations
GMR Group,3.9,(1.5k),Engineering & Construction,New Delhi +75 other locations
Page Industries,4.1,(1.5k),Fashion & Textile,Bengaluru +167 other locations
Ashoka Buildcon,4.1,(1.5k),Engineering & Construction,Nashik +156 other locations
Tanishq,4.1,(1.5k),Jewellery,Kolkata +239 other locations
HCL Infosystems,4.0,(1.5k),IT Services & Consulting,Noida +104 other locations
QualityKiosk Technologies,3.2,(1.5k),IT Services & Consulting,Mumbai +21 other locations
Wheelseye Technology,3.4,(1.5k),Internet,Gurugram +223 other locations
Wheelseye Technology,3.4,(1.5k),Internet,Gurugram +223 other locations
Gland Pharma,3.9,(1.5k),Pharma,Hyderabad +35 other locations
Max Fashion,4.0,(1.5k),Retail,Bengaluru +153 other locations
Acuity Analytics,3.1,(1.5k),Analytics & KPO,Bengaluru +17 other locations
V5 Global Services,3.9,(1.5k),Recruitment,New Delhi +220 other locations
PNB Housing Finance,3.7,(1.5k),NBFC,New Delhi +171 other locations
Heritage Foods,4.1,(1.5k),Food Processing,Hyderabad +124 other locations
Airtel Payments Bank,3.8,(1.5k),Banking,Gurugram +337 other locations
Valeo,3.9,(1.5k),Auto Components,Chennai +23 other locations
Daimler India Commercial Vehicles,3.9,(1.5k),Automobile,Chennai +50 other locations
Honeywell Technology Solutions,3.6,(1.5k),Industrial Automation,Bengaluru +18 other locations
Indoco Remedies,3.5,(1.5k),Pharma,Mumbai +84 other locations
ISS Facility Services,4.0,(1.5k),Facility Management Services,Mumbai +65 other locations
Amneal Pharmaceuticals,4.2,(1.5k),Pharma,Ahmedabad +45 other locations
Aon,3.8,(1.5k),Management Consulting,Gurugram +25 other locations
Chandigarh University,4.3,(1.5k),Education & Training,Chandigarh +47 other locations
SBFC Finance,3.8,(1.5k),NBFC,Mumbai +219 other locations
Apco Infratech,3.7,(1.5k),Engineering & Construction,Mumbai +95 other locations
Happiest Minds Technologies,3.4,(1.5k),IT Services & Consulting,Bengaluru +17 other locations
Oberoi Group of Hotels,4.0,(1.5k),Hospitality,New Delhi +40 other locations
Taurus BPO Services,4.0,(1.5k),BPO,Pune +23 other locations
ALTEN,3.5,(1.5k),IT Services & Consulting,Bengaluru +28 other locations
Apexon,3.3,(1.5k),IT Services & Consulting,Bengaluru +23 other locations
NIIT,3.5,(1.5k),Education & Training,Gurugram +102 other locations
Altimetrik,3.5,(1.5k),IT Services & Consulting,Bengaluru +15 other locations
Chetu,3.7,(1.4k),Software Product,Noida +14 other locations
Narayana Educational Society,3.6,(1.4k),Education & Training,Hyderabad +147 other locations
Bharat Forge,3.7,(1.4k),Auto Components,Pune +28 other locations
Hyatt Regency,4.0,(1.4k),Hospitality,New Delhi +52 other locations
Aumovio,3.8,(1.4k),Auto Components,Bengaluru +21 other locations
Jaquar,4.1,(1.4k),Building Material,Gurugram +118 other locations
AB InBev India,3.3,(1.4k),Beverage,Bengaluru +79 other locations
Morningstar,3.7,(1.4k),Financial Services,Mumbai +18 other locations
CIE Automotive India Limited (Formerly known as Mahindra CIE Automotive Limited),3.6,(1.4k),Auto Components,Pune +48 other locations
Indegene,3.3,(1.4k),Analytics & KPO,Bengaluru +33 other locations
Acmegrade,3.9,(1.4k),EdTech,Bengaluru +22 other locations
Sony,4.2,(1.4k),Consumer Electronics & Appliances,New Delhi +143 other locations
Tieto,4.1,(1.4k),IT Services & Consulting,Pune +13 other locations
Agilus Diagnostics,4.1,(1.4k),Healthcare,Mumbai +136 other locations
Fusion Finance,3.9,(1.4k),NBFC,New Delhi +348 other locations
Slk Software Services,3.2,(1.4k),IT Services & Consulting,Bengaluru +15 other locations
Amara Raja Energy & Mobility,4.0,(1.4k),Auto Components,Tirupati +94 other locations
City Union Bank,2.9,(1.4k),Banking,Chennai +197 other locations
Nykaa,3.4,(1.4k),Internet,Mumbai +116 other locations
MedPlus,3.5,(1.4k),Retail,Hyderabad +147 other locations
Adobe,3.7,(1.4k),Software Product,Bengaluru +22 other locations
VOIS,3.8,(1.4k),IT Services & Consulting,Pune +21 other locations
Vfs Global Services,3.4,(1.4k),IT Services & Consulting,Mumbai +32 other locations
Tata Group,4.2,(1.4k),IT Services & Consulting,Mumbai +167 other locations
Hire In Global,4.9,(1.4k),Recruitment,Mumbai +63 other locations
Xiaomi,3.8,(1.4k),Consumer Electronics & Appliances,Bengaluru +213 other locations
DCM Shriram,4.1,(1.4k),Chemicals,Bharuch +110 other locations
Tenarai,3.5,(1.4k),Emerging Technologies,Bengaluru +23 other locations
VLCC,3.3,(1.4k),Beauty & Personal Care,New Delhi +110 other locations
Sansera Engineering,4.0,(1.4k),Auto Components,Bengaluru +28 other locations
Eaton,4.0,(1.4k),Electronics Manufacturing,Pune +22 other locations
J. Kumar Infraprojects,4.1,(1.4k),Engineering & Construction,Mumbai +41 other locations
TEKsystems,3.1,(1.4k),IT Services & Consulting,Bengaluru +18 other locations
Oracle Financial Services Software,3.3,(1.4k),Software Product,Bengaluru +22 other locations
AtkinsRealis,3.8,(1.4k),Engineering & Construction,Bengaluru +55 other locations
Unisys,3.4,(1.4k),IT Services & Consulting,Bengaluru +18 other locations
The Muthoot Group,3.6,(1.4k),Financial Services,New Delhi +310 other locations
IDC Technologies,3.1,(1.4k),IT Services & Consulting,Noida +66 other locations
EOSGlobe,3.0,(1.4k),BPO,Mumbai +29 other locations
Kantar,3.5,(1.4k),Analytics & KPO,Bengaluru +44 other locations
TÜV SÜD,4.0,(1.4k),"Testing, Inspection and Certification (TIC)",Bengaluru +134 other locations
FedEx Express,4.0,(1.4k),Logistics,Mumbai +94 other locations
Worley,4.1,(1.4k),Engineering & Construction,Mumbai +56 other locations
Aerial Telecom Solutions,4.2,(1.4k),Telecom,Sahibzada Ajit Singh Nagar +114 other locations
Citco,3.1,(1.4k),Management Consulting,Hyderabad +13 other locations
Sunknowledge Services,3.4,(1.4k),BPO,Kolkata +13 other locations
iMerit,3.2,(1.4k),IT Services & Consulting,Kolkata +22 other locations
Novo Nordisk,3.6,(1.4k),Pharma,Bengaluru +74 other locations
Rashmi Metaliks,3.1,(1.4k),Iron & Steel,Kharagpur +43 other locations
TCS iON,3.8,(1.4k),IT Services & Consulting,Hyderabad +113 other locations
Fino Payments Bank,3.8,(1.4k),Banking,Mumbai +275 other locations
Amity University,3.6,(1.4k),Education & Training,Noida +85 other locations
Sharekhan,3.7,(1.4k),Financial Services,Mumbai +114 other locations
Incedo,2.9,(1.4k),IT Services & Consulting,Gurugram +13 other locations
JSW Cement,4.1,(1.4k),Building Material,Mumbai +147 other locations
Paytm Payments Bank,3.8,(1.4k),Banking,Noida +136 other locations
INDIUM,3.9,(1.4k),IT Services & Consulting,Chennai +13 other locations
Bajaj Housing Finance,3.5,(1.4k),NBFC,Pune +166 other locations
Faurecia,3.9,(1.4k),Auto Components,Pune +28 other locations
Aforeserve,3.4,(1.4k),IT Services & Consulting,Mumbai +160 other locations
R Systems International,3.6,(1.4k),IT Services & Consulting,Noida +23 other locations
Bharat FIH,3.7,(1.4k),Electronics Manufacturing,Chennai +39 other locations
Sheenlac Paints,4.1,(1.4k),Chemicals,Chennai +163 other locations
The Ramco Cements,4.1,(1.4k),Building Material,Chennai +126 other locations
Iffco Tokio General Insurance Co.,3.8,(1.4k),Insurance,Gurugram +282 other locations
Burger King,3.9,(1.3k),Hospitality,New Delhi +112 other locations
Unichem Laboratories,3.7,(1.3k),Pharma,Ghaziabad +77 other locations
Aptara,3.1,(1.3k),Content Development,Noida +15 other locations
TE Connectivity,4.1,(1.3k),Electronics Manufacturing,Bengaluru +23 other locations
DEXIT Global,3.5,(1.3k),IT Services & Consulting,Mumbai +151 other locations
GE,4.1,(1.3k),Defence & Aerospace,Bengaluru +76 other locations
Grant Thornton,3.4,(1.3k),Accounting & Auditing,Bengaluru +59 other locations
Collabera Talent Solutions,3.5,(1.3k),Recruitment,Bengaluru +43 other locations
Brillio,3.3,(1.3k),IT Services & Consulting,Bengaluru +14 other locations
FDC,3.7,(1.3k),Pharma,Mumbai +129 other locations
Hindware Limited,3.9,(1.3k),Building Material,Hyderabad +133 other locations
CreditAccess Grameen,3.9,(1.3k),NBFC,Bengaluru +352 other locations
ZF Steering Gear,3.7,(1.3k),Auto Components,Hyderabad +36 other locations
JioMart,3.9,(1.3k),Retail,Mumbai +296 other locations
GEP Worldwide,3.6,(1.3k),IT Services & Consulting,Mumbai +17 other locations
Viraj Profiles,4.1,(1.3k),Iron & Steel,Mumbai +28 other locations
Hatsun Agro Product,3.8,(1.3k),Food Processing,Chennai +127 other locations
CenturyPly,3.8,(1.3k),Furniture & Furnishing,Kolkata +147 other locations
Decathlon,3.7,(1.3k),Retail,Bengaluru +71 other locations
ManpowerGroup,3.6,(1.3k),Recruitment,Bengaluru +151 other locations
Baroda Global Shared Services,3.9,(1.3k),BPO,Gandhinagar +182 other locations
Big Bazaar,4.4,(1.3k),Retail,New Delhi +158 other locations
RBL FinServe,3.9,(1.3k),Financial Services,Mumbai +367 other locations
Punjab National Bank,3.9,(1.3k),Banking,New Delhi +219 other locations
VIBGYOR Group of Schools,3.5,(1.3k),Education & Training,Bengaluru +37 other locations
Cinépolis,3.8,(1.3k),Media & Entertainment,New Delhi +61 other locations
More Supermarket,3.6,(1.3k),Retail,Bengaluru +164 other locations
Shubham Housing Development Finance,3.9,(1.3k),NBFC,New Delhi +160 other locations
Nippon Paint India,4.0,(1.3k),Chemicals,Chennai +163 other locations
Spicejet,3.2,(1.3k),Aviation,New Delhi +60 other locations
OM Logistics,3.9,(1.3k),Logistics,New Delhi +125 other locations
NetAmbit,4.0,(1.3k),BPO,Noida +158 other locations
Troikaa Pharmaceuticals,4.0,(1.3k),Pharma,Ahmedabad +106 other locations
Atul,3.9,(1.3k),Chemicals,Valsad +64 other locations
Astral Pipe,4.0,(1.3k),Building Material,Ahmedabad +144 other locations
Mondelez International,4.1,(1.3k),Food Processing,Mumbai +202 other locations
Fabindia,3.7,(1.3k),Retail,New Delhi +82 other locations
Ion Exchange India,3.7,(1.3k),Waste Management,Mumbai +128 other locations
SK Finance Limited,3.8,(1.3k),NBFC,Jaipur +275 other locations
ICICI Prudential Mutual Fund,3.9,(1.3k),Financial Services,Mumbai +170 other locations
Bluestock ™,4.5,(1.3k),FinTech,Pune +44 other locations
Luminous Power Technologies,4.1,(1.3k),Consumer Electronics & Appliances,Gurugram +134 other locations
Hindustan Construction Company,4.2,(1.3k),Engineering & Construction,Mumbai +93 other locations
Pantaloons,4.1,(1.3k),Retail,Mumbai +156 other locations
NxtWave,3.6,(1.3k),EdTech,Hyderabad +55 other locations
Globant,3.4,(1.3k),IT Services & Consulting,Pune +17 other locations
Royal Migration Solutions,4.9,(1.3k),Other,Dubai +12 other locations
OpenText Technologies,3.3,(1.3k),Software Product,Bengaluru +14 other locations
Centre for Development of Advanced Computing,3.7,(1.3k),IT Services & Consulting,Pune +42 other locations
Samsung Research,3.0,(1.3k),IT Services & Consulting,Bengaluru +21 other locations
Jakson Group,4.1,(1.3k),Power,Noida +103 other locations
T-Systems ICT India,3.7,(1.3k),IT Services & Consulting,Pune +17 other locations
Aarvee Associates,3.7,(1.3k),Engineering & Construction,Hyderabad +178 other locations
Apex Group,2.6,(1.3k),Financial Services,Pune +28 other locations
ANZ Banking Group,3.8,(1.3k),Banking,Bengaluru +17 other locations
Vestas,4.1,(1.3k),Power,Chennai +51 other locations
Sigma Electric Manufacturing Corporation,4.0,(1.3k),Industrial Machinery,Pune +24 other locations
Panasonic,4.0,(1.3k),Consumer Electronics & Appliances,Gurugram +124 other locations
Electronics Corporation of India Limited,4.2,(1.3k),Electronics Manufacturing,Hyderabad +57 other locations
Spandana Sphoorty Financial,3.8,(1.3k),NBFC,Hyderabad +364 other locations
AGS Transact Technologies,2.8,(1.3k),FinTech,Mumbai +123 other locations
Tenneco,3.6,(1.3k),Auto Components,Pune +45 other locations
Automotive Manufacturers,3.8,(1.3k),Automobile,Hyderabad +151 other locations
Godrej Consumer Products,4.0,(1.3k),FMCG,Mumbai +149 other locations
Fresenius Kabi,4.0,(1.3k),Pharma,Pune +66 other locations
Dell EMC,3.7,(1.3k),IT Services & Consulting,Bengaluru +53 other locations
SKF,4.0,(1.3k),Auto Components,Pune +72 other locations
Intertek,3.7,(1.2k),"Testing, Inspection and Certification (TIC)",New Delhi +118 other locations
PNC Infratech,3.8,(1.2k),Engineering & Construction,Agra +97 other locations
KIMS Hospital,3.8,(1.2k),Healthcare,Hyderabad +60 other locations
H.G. Infra Engineering,4.0,(1.2k),Engineering & Construction,Jaipur +99 other locations
iSON Xperiences,3.2,(1.2k),BPO,Chennai +43 other locations
Mu Sigma,2.5,(1.2k),Analytics & KPO,Bengaluru +16 other locations
Zoho,4.2,(1.2k),Software Product,Chennai +37 other locations
Prodapt,3.5,(1.2k),IT Services & Consulting,Chennai +16 other locations
Kalpataru Limited,4.1,(1.2k),Real Estate,Mumbai +84 other locations
Shriram Pistons & Rings,4.0,(1.2k),Auto Components,Bhiwadi +61 other locations
DP World,3.8,(1.2k),Logistics,Mumbai +84 other locations
Dassault Systemes,3.7,(1.2k),Software Product,Pune +13 other locations
Jindal X,3.5,(1.2k),BPO,New Delhi +22 other locations
AIIMS,4.2,(1.2k),Education & Training,New Delhi +77 other locations
Synchrony,4.3,(1.2k),Financial Services,Hyderabad +9 other locations
Oil And Natural Gas Corporation,4.3,(1.2k),Oil & Gas,Mumbai +84 other locations
Parexel International,3.8,(1.2k),Clinical Research,Hyderabad +25 other locations
Diageo,3.8,(1.2k),Beverage,Bengaluru +100 other locations
Colliers India,3.9,(1.2k),Real Estate,Bengaluru +50 other locations
Rupeek,4.1,(1.2k),FinTech,Bengaluru +56 other locations
Rockman Industries,3.8,(1.2k),Auto Components,Haridwar +41 other locations
DLF,4.0,(1.2k),Real Estate,Gurugram +35 other locations
Wind World,4.0,(1.2k),Power,Jaisalmer +85 other locations
Nielsen,3.1,(1.2k),Analytics & KPO,Bengaluru +75 other locations
Qualcomm,3.7,(1.2k),Semiconductors,Hyderabad +18 other locations
Indostar Capital Finance Limited,4.3,(1.2k),NBFC,Mumbai +332 other locations
JTEKT,4.1,(1.2k),Auto Components,Gurugram +30 other locations
Fidelity Investments,4.1,(1.2k),Financial Services,Bengaluru +19 other locations
EbixCash Limited,3.6,(1.2k),Software Product,Noida +86 other locations
Kirloskar Oil Engines,4.1,(1.2k),Industrial Machinery,Pune +109 other locations
DENSO,4.1,(1.2k),Auto Components,Gurugram +39 other locations
Best Sellers,4.1,(1.2k),Retail,Mumbai +92 other locations
ExcelR,3.6,(1.2k),Education & Training,Bengaluru +25 other locations
Fidelity National Financial,3.7,(1.2k),Financial Services,Bengaluru +16 other locations
Ahluwalia Contracts India,4.0,(1.2k),Engineering & Construction,New Delhi +55 other locations
PHN Technology,4.3,(1.2k),EdTech,Pune +32 other locations
ACG Worldwide,3.8,(1.2k),Pharma,Mumbai +32 other locations
Strides Pharma,3.8,(1.2k),Pharma,Bengaluru +43 other locations
JK Lakshmi Cement,3.7,(1.2k),Building Material,New Delhi +142 other locations
Genius HRTech,3.8,(1.2k),Recruitment,Kolkata +108 other locations
Intel,4.1,(1.2k),Semiconductors,Bengaluru +38 other locations
Leadec India,4.1,(1.2k),Facility Management Services,Pune +82 other locations
Baazar Retail Private Limited,4.5,(1.2k),Retail,Kolkata +110 other locations
Innova Solutions,3.3,(1.2k),IT Services & Consulting,Hyderabad +37 other locations
Federal Bank,3.6,(1.2k),Banking,Mumbai +156 other locations
Zetwerk,4.0,(1.2k),Industrial Machinery,Bengaluru +122 other locations
Sri Chaitanya Techno Schools,3.5,(1.2k),Education & Training,Bengaluru +171 other locations
PayPal,3.7,(1.2k),FinTech,Bengaluru +15 other locations
FOCUS EDUMATICS,2.9,(1.2k),EdTech,Coimbatore +35 other locations
Thyrocare Technologies,3.7,(1.2k),Healthcare,Mumbai +77 other locations
Electronica Finance,4.1,(1.2k),NBFC,Pune +174 other locations
HFCL Limited,3.8,(1.2k),Telecom,Hyderabad +112 other locations
Salesforce,3.9,(1.2k),Software Product,Hyderabad +41 other locations
Meril,3.6,(1.2k),Medical Equipment,Vapi +84 other locations
Prism Johnson,3.7,(1.2k),Building Material,Mumbai +147 other locations
Aptiv,3.4,(1.2k),Auto Components,Bengaluru +26 other locations
Indira IVF Hospital,3.9,(1.2k),Healthcare,Mumbai +105 other locations
Aparna Constructions and Estates,3.9,(1.2k),Real Estate,Hyderabad +22 other locations
The Jaypee Group,3.8,(1.2k),Engineering & Construction,Noida +108 other locations
Apollo Health and Lifestyle Limited,4.3,(1.2k),Healthcare,Hyderabad +95 other locations
Barclays Shared Services,3.8,(1.2k),Financial Services,Chennai +17 other locations
Schaeffler India,4.0,(1.2k),Auto Components,Vadodara +28 other locations
Podar International School,4.0,(1.2k),Education & Training,Mumbai +125 other locations
Balkrishna Industries,4.0,(1.2k),Auto Components,Bhuj +35 other locations
Birla Corporation,4.0,(1.2k),Building Material,Satna +146 other locations
MDIndia Health Insurance TPA,3.6,(1.2k),Insurance,Pune +94 other locations
Ocwen Financial Solutions,3.8,(1.2k),Financial Services,Bengaluru +9 other locations
London Stock Exchange Group,3.6,(1.2k),Financial Services,Bengaluru +11 other locations
Coca-Cola Company,4.0,(1.2k),Beverage,Bengaluru +208 other locations
Johnson Lifts,3.9,(1.2k),Industrial Machinery,Chennai +75 other locations
Nilkamal,3.7,(1.2k),Furniture & Furnishing,Mumbai +113 other locations
Imperial Auto Industries,3.8,(1.1k),Auto Components,Faridabad +37 other locations
Edelweiss,3.6,(1.1k),Financial Services,Mumbai +114 other locations
Dishtv,3.4,(1.1k),Broadcasting,Noida +151 other locations
Dhoot Transmission,3.7,(1.1k),Auto Components,Chhatrapati Sambhajinagar +43 other locations
Biocon Biologics,3.7,(1.1k),Biotechnology,Bengaluru +27 other locations
CaratLane - A Tata Product,4.0,(1.1k),Jewellery,Chennai +87 other locations
Motilal Oswal Home Finance,4.3,(1.1k),NBFC,Mumbai +130 other locations
Deccan Fine Chemicals,3.6,(1.1k),Agro Chemicals,Tuni +31 other locations
Edelweiss Life Insurance,3.7,(1.1k),Insurance,Mumbai +124 other locations
Bajaj Motors,3.9,(1.1k),Auto Components,Gurugram +92 other locations
Kohler,3.7,(1.1k),Building Material,Pune +52 other locations
IIFL Home Finance,3.8,(1.1k),NBFC,Gurugram +266 other locations
INDO-MIM,4.0,(1.1k),Metals & Mining,Bengaluru +35 other locations
Stanza Living,3.3,(1.1k),Internet,Bengaluru +37 other locations
Jacobs Engineering Group,4.2,(1.1k),Engineering & Construction,Mumbai +42 other locations
Piaggio,3.6,(1.1k),Automobile,Pune +85 other locations
Barbeque Nation,3.9,(1.1k),Hospitality,Bengaluru +83 other locations
Onward Technologies Inc,2.8,(1.1k),IT Services & Consulting,Pune +64 other locations
Navitasys India,4.1,(1.1k),Electronics Manufacturing,Bawal +28 other locations
Jabil Circuit India,4.0,(1.1k),Electronics Manufacturing,Pune +30 other locations
Unicharm,3.9,(1.1k),FMCG,Gurugram +194 other locations
Advantmed,4.1,(1.1k),Healthcare,Ahmedabad +16 other locations
Asirvad Microfinance,3.8,(1.1k),NBFC,Chennai +322 other locations
Wonder Home Finance,4.6,(1.1k),NBFC,Jaipur +120 other locations
Air India Sats Airport Services,3.5,(1.1k),Aviation,New Delhi +46 other locations
TK Elevator,3.8,(1.1k),Industrial Machinery,Pune +80 other locations
MG Motor,3.8,(1.1k),Automobile,Vadodara +102 other locations
V2 Retail,3.3,(1.1k),Retail,New Delhi +137 other locations
Wistron,4.0,(1.1k),Electronics Manufacturing,Bengaluru +22 other locations
MAHLE ANAND Filter Systems,3.9,(1.1k),Auto Components,Pune +40 other locations
Sundaram Finance,3.9,(1.1k),NBFC,Chennai +252 other locations
Hyundai Mobis,3.6,(1.1k),Auto Components,Chennai +47 other locations
Svatantra Microfin,3.9,(1.1k),NBFC,Mumbai +341 other locations
Zydus Wellness,4.1,(1.1k),FMCG,Ahmedabad +130 other locations
TÜV NORD,3.7,(1.1k),"Testing, Inspection and Certification (TIC)",Pune +92 other locations
Kirloskar Brothers,3.7,(1.1k),Industrial Machinery,Pune +74 other locations
ICON Plc,4.0,(1.1k),Clinical Research,Chennai +23 other locations
One Point One Solutions Ltd.,3.5,(1.1k),BPO,Bengaluru +18 other locations
Sri Chaitanya Educational Institutions,3.6,(1.1k),Education & Training,Hyderabad +102 other locations
Hikal,3.8,(1.1k),Pharma,Bengaluru +23 other locations
Tube Investments of India,3.8,(1.1k),Engineering & Construction,Chennai +65 other locations
VMware Software,4.4,(1.1k),Software Product,Bengaluru +17 other locations
Syngenta,4.2,(1.1k),Agriculture,Pune +174 other locations
Godrej Agrovet,3.9,(1.1k),Agriculture,Mumbai +146 other locations
Knorr-Bremse,3.3,(1.1k),Auto Components,Pune +33 other locations
Saipem,4.2,(1.1k),Engineering & Construction,Chennai +42 other locations
Vedanta Aluminium,3.8,(1.1k),Metals & Mining,Jharsuguda +46 other locations
Unity Small Finance Bank,3.6,(1.1k),Banking,Mumbai +149 other locations
CALIBEHR,3.9,(1.1k),IT Services & Consulting,Mumbai +184 other locations
Aarvi Encon,3.9,(1.1k),Recruitment,Mumbai +132 other locations
Northcorp Software,4.9,(1.1k),IT Services & Consulting,Gurugram +7 other locations
HPCL-Mittal Energy Limited,4.3,(1.1k),Petrochemicals,Bathinda +29 other locations
Tata Capital Housing Finance,4.0,(1.1k),NBFC,Mumbai +171 other locations
Gmmco,4.1,(1.1k),Industrial Machinery,Chennai +90 other locations
Adani Ports and SEZ,3.6,(1.1k),Ports & Shipping,Mundra +60 other locations
Hinduja Housing Finance,3.7,(1.1k),NBFC,New Delhi +216 other locations
Vayona Energy,4.0,(1.1k),Power,Bengaluru +68 other locations
TKIL,4.1,(1.1k),Industrial Machinery,Pune +67 other locations
Xyz Company,3.8,(1.1k),Financial Services,Bengaluru +90 other locations
GAIL,4.4,(1.1k),Oil & Gas,New Delhi +104 other locations
Metropolis Healthcare,3.9,(1.1k),Healthcare,Mumbai +104 other locations
Power Grid Corporation of India,4.3,(1.1k),Power,Gurugram +235 other locations
Pernod Ricard,3.5,(1.1k),Beverage,Gurugram +121 other locations
Jet Airways,4.6,(1.1k),Aviation,Mumbai +44 other locations
Thermo Fisher Scientific,3.8,(1.1k),Biotechnology,Bengaluru +36 other locations
Innodata India Private Limited,3.6,(1.1k),IT Services & Consulting,Noida +23 other locations
SLMG Beverages,3.9,(1.1k),Beverage,Lucknow +97 other locations
Dana Anand,4.0,(1.1k),Auto Components,Pune +49 other locations
Bajaj Capital Insurance Broking Limited,4.4,(1.1k),Insurance,New Delhi +141 other locations
Aspire Systems,3.8,(1.1k),IT Services & Consulting,Chennai +23 other locations
Nexa,3.9,(1.1k),Automobile,New Delhi +216 other locations
Fractal Analytics,4.0,(1.1k),Analytics & KPO,Bengaluru +19 other locations
Hitachi Energy,4.0,(1.1k),Power,Chennai +39 other locations
Klm Axiva Finvest,4.4,(1.1k),NBFC,Bengaluru +158 other locations
Amazon Sellers Services,4.0,(1.1k),Internet,Bengaluru +68 other locations
Hindustan Zinc,3.7,(1.1k),Metals & Mining,Udaipur +37 other locations
Greenko Group,3.9,(1.1k),Power,Hyderabad +83 other locations
QX Global Group,3.1,(1.1k),BPO,Ahmedabad +19 other locations
Zf Rane Automotive,3.9,(1.1k),Auto Components,Chennai +50 other locations
Malabar Gold and Diamonds,4.1,(1.1k),Jewellery,Hyderabad +132 other locations
Birla Opus,4.0,(1.1k),Chemicals,Mumbai +281 other locations
Crompton Greaves Consumer Electricals,3.7,(1.1k),Consumer Electronics & Appliances,Mumbai +110 other locations
GlobalData,3.3,(1k),Analytics & KPO,Hyderabad +22 other locations
Bharat Sanchar Nigam,3.9,(1k),Telecom,Bengaluru +240 other locations
Vertiv,3.8,(1k),Electronics Manufacturing,Pune +54 other locations
Encora,3.3,(1k),IT Services & Consulting,Bengaluru +19 other locations
Netcracker Technology,3.0,(1k),IT Services & Consulting,Hyderabad +12 other locations
Spencer's Retail,3.8,(1k),Retail,Kolkata +63 other locations
Gharda Chemicals Limited,4.0,(1k),Agro Chemicals,Mumbai +73 other locations
Shyam Steel Group,3.5,(1k),Iron & Steel,Kolkata +87 other locations
Wheels,3.9,(1k),Auto Components,Chennai +47 other locations
Nippon Life India Asset Management,4.6,(1k),Financial Services,Mumbai +189 other locations
BirlaNu,3.8,(1k),Building Material,Hyderabad +110 other locations
Otis Elevator,4.1,(1k),Industrial Machinery,Bengaluru +71 other locations
ValueMomentum,3.2,(1k),IT Services & Consulting,Hyderabad +11 other locations
GVPR Engineers,3.8,(1k),Engineering & Construction,Hyderabad +94 other locations
Lakshmi Machine Works,3.8,(1k),Industrial Machinery,Coimbatore +30 other locations
Uber,4.1,(1k),Internet,Hyderabad +52 other locations
Kinara Capital,4.2,(1k),NBFC,Bengaluru +115 other locations
IB Group,3.7,(1k),Food Processing,Rajnandgaon +153 other locations
ALLEN Career Institute,3.7,(1k),Education & Training,Kota +73 other locations
Atlas Copco,4.1,(1k),Industrial Machinery,Pune +60 other locations
Hitachi Payment Services,3.6,(1k),FinTech,Mumbai +89 other locations
NBC Bearings,3.9,(1k),Auto Components,Jaipur +28 other locations
Ceasefire Industries,3.1,(1k),Industrial Machinery,New Delhi +76 other locations
Allianz Technology,4.0,(1k),IT Services & Consulting,Pune +14 other locations
Amara Raja Group,4.1,(1k),Auto Components,Tirupati +80 other locations
iQor Global Services,3.3,(1k),BPO,Noida +50 other locations
SitusAMC,3.3,(1k),Financial Services,Bengaluru +19 other locations
Syrma SGS Technologies,4.0,(1k),Electronics Manufacturing,Chennai +23 other locations
Vistaar Finance,3.9,(1k),NBFC,Bengaluru +203 other locations
Suzuki Motorcycle,4.0,(1k),Automobile,Gurugram +120 other locations
Tata Cummins,4.4,(1k),Auto Components,Jamshedpur +45 other locations
BDR Pharmaceuticals International,4.1,(1k),Pharma,Vadodara +29 other locations
Secure Meters,3.9,(1k),Electronics Manufacturing,Udaipur +74 other locations
Visionet Systems,3.3,(1k),IT Services & Consulting,Bengaluru +17 other locations
Fortrea Development India Private Limited,3.9,(1k),Clinical Research,Bengaluru +11 other locations
MakeMyTrip,3.4,(1k),Travel & Tourism,Gurugram +46 other locations
Sahara India Pariwar,3.8,(1k),Broadcasting,Lucknow +245 other locations
Perfetti Van Melle,4.2,(1k),FMCG,Gurugram +163 other locations
Temenos,3.2,(1k),Software Product,Chennai +11 other locations
United Breweries,3.3,(1k),Beverage,Bengaluru +107 other locations
Incheon Motors,4.7,(1k),Automobile,Kochi +16 other locations
Thomas Cook,4.0,(1k),Travel & Tourism,Mumbai +80 other locations
Siemens Energy,4.1,(1k),Power,Pune +51 other locations
Lemon Tree Hotels,4.0,(1k),Hospitality,New Delhi +80 other locations
Bounteous x Accolite,3.2,(1k),IT Services & Consulting,Bengaluru +15 other locations
Colgate Palmolive,3.9,(1k),FMCG,Mumbai +121 other locations
Skipper,3.9,(1k),Industrial Machinery,Kolkata +93 other locations
Westside,3.7,(1k),Retail,Mumbai +109 other locations
MasterCard,3.8,(1k),FinTech,Pune +16 other locations
TradeIndia (Infocom Network Private Limited),3.4,(1k),Internet,New Delhi +42 other locations
Aparajitha Corporate Services,3.8,(1k),Legal,Madurai +98 other locations
Pristyn Care,3.1,(1k),Internet,Gurugram +34 other locations
Vaco Binary Semantics,3.1,(1k),IT Services & Consulting,Gurugram +49 other locations
Comviva Technology,2.8,(1k),Software Product,Gurugram +19 other locations
eClinicalWorks,3.6,(1k),Software Product,Mumbai +20 other locations
Skoda Auto Volkswagen India,4.0,(1k),Automobile,Pune +49 other locations
Arohan Financial Services,3.9,(1k),NBFC,Kolkata +237 other locations
AstraZeneca,3.9,(1k),Pharma,Chennai +49 other locations
SYSKA LED Lights,2.9,(1k),Consumer Electronics & Appliances,Pune +154 other locations
Cult.fit,3.5,(1k),Fitness & Wellness,Bengaluru +42 other locations
Merino Industries,3.7,(1k),Building Material,New Delhi +82 other locations
Star Cement,4.0,(1k),Building Material,Guwahati +79 other locations
Mastek,3.6,(1k),IT Services & Consulting,Mumbai +23 other locations
Collins Aerospace,3.8,(1k),Defence & Aerospace,Bengaluru +12 other locations
CarDekho Group,3.6,(1k),Internet,Gurugram +81 other locations
Amazon Web Services,3.8,(999),IT Services & Consulting,Bengaluru +62 other locations
Motherson Sumi Wiring,3.7,(1k),Electrical Equipment,Noida +43 other locations
Mahindra Automotives,3.8,(997),Automobile,Pune +132 other locations
C&S Electric,3.9,(994),Electrical Equipment,Noida +58 other locations
Tiger Analytics,3.7,(994),IT Services & Consulting,Bengaluru +17 other locations
Xebia,3.0,(996),IT Services & Consulting,Gurugram +23 other locations
Lumina Datamatics,3.1,(992),IT Services & Consulting,Mumbai +20 other locations
Rebel Foods,3.7,(992),Hospitality,Mumbai +79 other locations
JW Marriott,4.2,(992),Hospitality,Mumbai +43 other locations
Everest Industries,3.9,(992),Building Material,Mumbai +98 other locations
Wonder Cement,4.2,(990),Building Material,Nimbahera +112 other locations
Entain,3.6,(988),IT Services & Consulting,Hyderabad +13 other locations
Quantiphi Analytics Solutions Private Limited,3.1,(989),IT Services & Consulting,Bengaluru +18 other locations
Softenger,4.0,(987),IT Services & Consulting,Pune +32 other locations
VeeTechnologies,3.9,(986),IT Services & Consulting,Bengaluru +41 other locations
National Payments Corporation of India,4.0,(985),FinTech,Mumbai +11 other locations
Pizza Hut,4.0,(984),Hospitality,New Delhi +128 other locations
Lowe's,4.0,(984),Retail,Bengaluru +9 other locations
General Mills,4.1,(983),Food Processing,Mumbai +54 other locations
J B Chemicals And Pharmaceuticals,3.9,(983),Pharma,Mumbai +96 other locations
Capacit'e Infraprojects,3.7,(983),Engineering & Construction,Mumbai +35 other locations
Natco Pharma,3.9,(983),Pharma,Hyderabad +66 other locations
JSW Group,3.8,(983),Iron & Steel,Mumbai +98 other locations
Barclays Global Service Centre,3.9,(981),IT Services & Consulting,Pune +13 other locations
Technip Energies,4.0,(981),Engineering & Construction,Noida +42 other locations
TechnipFMC,3.9,(979),Engineering & Construction,Hyderabad +43 other locations
Yokohama Off-Highway Tires,3.7,(979),Auto Components,Bharuch +38 other locations
Jyothy Labs,4.0,(978),FMCG,Mumbai +197 other locations
VIP Industries,3.7,(976),Retail,Mumbai +96 other locations
Salcomp Manufacturing,4.0,(979),Electronics Manufacturing,Chennai +28 other locations
Guidehouse,3.6,(976),Management Consulting,Chennai +19 other locations
Marsh McLennan,3.8,(975),Management Consulting,Mumbai +24 other locations
Napino Auto & Electronics,3.8,(976),Auto Components,Gurugram +25 other locations
Hiranandani Financial Services,4.4,(974),NBFC,Mumbai +136 other locations
Pricol,3.9,(973),Auto Components,Coimbatore +34 other locations
Financial Software & Systems,3.7,(972),Software Product,Chennai +35 other locations
Altisource,3.5,(971),Real Estate,Bengaluru +9 other locations
KEI Industries,4.2,(971),Electrical Equipment,New Delhi +109 other locations
Kendriya Vidyalaya Sangathan,4.3,(970),Education & Training,New Delhi +233 other locations
Psp Projects,3.8,(970),Engineering & Construction,Ahmedabad +56 other locations
LOREAL,3.8,(970),Beauty & Personal Care,Mumbai +99 other locations
Shriram General Insurance,3.6,(969),Insurance,Jaipur +201 other locations
Astral Adhesives,3.9,(966),Chemicals,Ahmedabad +163 other locations
Pramerica Life Insurance,3.7,(963),Insurance,Gurugram +126 other locations
Defence Research & Development Organisation,4.4,(961),Defence & Aerospace,Hyderabad +59 other locations
Gannon Dunkerley & Co.,3.3,(960),Engineering & Construction,Kolkata +81 other locations
ICCS,3.0,(960),BPO,Noida +32 other locations
Adani Enterprises,3.6,(958),Metals & Mining,Ahmedabad +76 other locations
Jaro Education,3.2,(958),Education & Training,Mumbai +24 other locations
Xceedance,3.5,(956),IT Services & Consulting,Gurugram +14 other locations
JSW Paints,3.8,(956),Chemicals,Mumbai +172 other locations
Mando Automotive,4.0,(955),Auto Components,Chennai +21 other locations
Signify,3.4,(954),Consumer Electronics & Appliances,Bengaluru +85 other locations
Nasser S. Al Hajri Corporation,3.6,(955),Engineering & Construction,Chennai +55 other locations
Amphenol Interconnect,4.2,(954),Electrical Equipment,Pune +19 other locations
Cohance Lifesciences,3.8,(952),Pharma,Hyderabad +25 other locations
SFO Technologies,3.4,(952),Electronics Manufacturing,Bengaluru +16 other locations
Episource,3.9,(951),IT Services & Consulting,Chennai +19 other locations
Velocis Systems,3.8,(949),IT Services & Consulting,New Delhi +54 other locations
Timken,3.9,(949),Industrial Machinery,Jamshedpur +44 other locations
KMV Projects Limited,4.2,(949),Engineering & Construction,Hyderabad +71 other locations
Jubilant Pharmova,3.7,(947),Pharma,Noida +61 other locations
FLSmidth,3.5,(945),Industrial Machinery,Chennai +25 other locations
Navayuga Engineering Company,3.9,(945),Engineering & Construction,Hyderabad +74 other locations
Reliance Power,4.1,(945),Power,Singrauli +43 other locations
Aristo Pharmaceuticals,4.0,(944),Pharma,Mumbai +109 other locations
Knight Frank,4.0,(943),Real Estate,Mumbai +52 other locations
Tikona Infinet,3.4,(942),Telecom,Mumbai +45 other locations
Petrofac,4.2,(941),Oil & Gas,Chennai +42 other locations
Bhanzu,3.8,(940),EdTech,Bengaluru +14 other locations
Hathway,3.3,(939),Telecom,Mumbai +58 other locations
"Commonwealth Bank of Australia, India",2.7,(938),Financial Services,Bengaluru +14 other locations
Regulated Council of Immigration Consultants,4.9,(936),Other,Dubai +5 other locations
Godfrey Phillips India,4.0,(936),FMCG,New Delhi +125 other locations
LanceSoft,3.2,(936),Recruitment,Hyderabad +31 other locations
Volvo,4.0,(936),Automobile,Bengaluru +40 other locations
Tafe Motors & Tractors,3.9,(935),Industrial Machinery,Bhopal +73 other locations
CIEL HR,3.9,(935),Recruitment,Bengaluru +112 other locations
Sandhar Technologies,3.7,(933),Auto Components,Gurugram +32 other locations
Bayer,4.0,(932),Pharma,Bengaluru +117 other locations
FastInfo,4.2,(931),Internet,Kolkata +8 other locations
Naukri,4.1,(931),Internet,Noida +71 other locations
Apotex Research,3.7,(930),Pharma,Bengaluru +14 other locations
Medhaj Techno Concept,4.0,(928),Management Consulting,Lucknow +152 other locations
Intellipaat Software Solutions,3.9,(928),EdTech,Bengaluru +17 other locations
Medha Servo Drives,4.2,(927),Electrical Equipment,Hyderabad +56 other locations
Target,4.0,(927),Retail,Bengaluru +18 other locations
SKH Metals,4.0,(924),Auto Components,Gurugram +27 other locations
Schlumberger,3.7,(923),Oil & Gas,Pune +36 other locations
GE Healthcare,3.9,(923),Medical Equipment,Bengaluru +35 other locations
Sundaram Clayton,3.9,(923),Auto Components,Chennai +30 other locations
Aircel,4.4,(922),Telecom,New Delhi +113 other locations
Netscribes,2.7,(922),Analytics & KPO,Kolkata +17 other locations
Steag Energy Services,4.3,(921),Power,Jharsuguda +65 other locations
Test Yantra Software Solutions,3.0,(921),IT Services & Consulting,Bengaluru +19 other locations
Re Sustainability Limited,3.8,(920),Waste Management,Hyderabad +85 other locations
Nirma,4.2,(919),FMCG,Bhavnagar +67 other locations
Deepak Fertilisers and Petrochemicals,4.0,(919),Chemicals,Mumbai +58 other locations
OCS Group,4.1,(921),Facility Management Services,Mumbai +57 other locations
Experis IT,3.0,(919),Recruitment,Bengaluru +34 other locations
Aviva Life Insurance India,3.5,(919),Insurance,Gurugram +123 other locations
Neel Metal Products,4.0,(917),Auto Components,Gurugram +38 other locations
Nityo Infotech,3.3,(914),IT Services & Consulting,Bengaluru +32 other locations
HomeLane,3.3,(914),Architecture & Interior Design,Bengaluru +36 other locations
Greenlam Industries,4.1,(913),Furniture & Furnishing,New Delhi +120 other locations
Alok Industries,3.5,(911),Fashion & Textile,Dadra & Nagar Haveli +34 other locations
Simplilearn,3.9,(911),EdTech,Bengaluru +10 other locations
Ashirvad Pipes,3.8,(911),Building Material,Bengaluru +110 other locations
HT Media,3.1,(910),Media & Entertainment,New Delhi +44 other locations
Michelin,3.6,(909),Auto Components,Pune +46 other locations
Wakefit,3.9,(909),Furniture & Furnishing,Bengaluru +59 other locations
Yashoda Hospitals,3.9,(908),Healthcare,Hyderabad +30 other locations
MAS Financial Services Ltd,3.6,(910),NBFC,Ahmedabad +145 other locations
M3M India,4.1,(907),Real Estate,Gurugram +11 other locations
Bosch Chassis Systems,4.1,(905),Auto Components,Pune +25 other locations
Egis India Consulting Engineers,4.2,(904),Engineering & Construction,Gurugram +112 other locations
Musashi Auto Parts,3.8,(903),Auto Components,Bengaluru +27 other locations
Vijay Sales,4.1,(902),Retail,Mumbai +52 other locations
Orient Electric,3.7,(903),Consumer Electronics & Appliances,New Delhi +89 other locations
Zudio,3.9,(901),Retail,New Delhi +141 other locations
Vedanta Resources,3.7,(899),Metals & Mining,Jharsuguda +72 other locations
Sona Comstar,4.0,(898),Auto Components,Gurugram +26 other locations
Volkswagen,4.1,(894),Automobile,Pune +102 other locations
ACL Digital,3.6,(895),IT Services & Consulting,Bengaluru +28 other locations
Updater Services,3.7,(895),Facility Management Services,Chennai +100 other locations
Ageas Federal Life Insurance,3.4,(892),Insurance,Mumbai +126 other locations
TNQ Tech Private Limited,3.5,(891),Printing & Publishing,Chennai +14 other locations
Carborundum Universal Limited,3.7,(890),Industrial Machinery,Chennai +132 other locations
Nibav Lifts,4.0,(889),Industrial Machinery,Chennai +41 other locations
Satya MicroCapital,3.7,(889),NBFC,New Delhi +190 other locations
AJIO,3.6,(888),Internet,Bengaluru +199 other locations
RAMTeCH Software Solutions,3.7,(887),IT Services & Consulting,Hyderabad +35 other locations
Ups Logistics,3.6,(888),Logistics,Pune +38 other locations
Truhome Finance,3.6,(887),Financial Services,Mumbai +162 other locations
Marks & Spencer,3.9,(886),Retail,New Delhi +61 other locations
H&M,3.8,(886),Fashion & Textile,Bengaluru +57 other locations
BGR Energy Systems,3.9,(884),Engineering & Construction,Chennai +53 other locations
Wipro PARI,3.3,(884),Industrial Automation,Pune +26 other locations
Tata Chemicals,3.9,(883),Chemicals,Jamnagar +84 other locations
Centum Electronics,3.5,(884),Electronics Manufacturing,Bengaluru +18 other locations
Silaris Informations,2.9,(882),BPO,New Delhi +22 other locations
Nlb Services,3.6,(881),Recruitment,Noida +20 other locations
Acme Cleantech Solutions,4.0,(883),Power,Gurugram +103 other locations
Epsilon,3.6,(880),Marketing & Advertising,Bengaluru +16 other locations
WSP,4.2,(879),Management Consulting,Bengaluru +32 other locations
WSP,4.2,(879),Management Consulting,Bengaluru +32 other locations
IDEMIA,3.8,(879),Electronics Manufacturing,Noida +54 other locations
Magna International,3.8,(878),Auto Components,Pune +22 other locations
Alorica,3.0,(879),BPO,Bengaluru +16 other locations
Tata Starbucks,4.0,(876),Hospitality,Mumbai +60 other locations
Shilpa Medicare,3.4,(876),Pharma,Hyderabad +30 other locations
Athena BPO,3.3,(875),BPO,Mumbai +38 other locations
Parag Milk Foods,3.9,(874),Food Processing,Mumbai +90 other locations
Future Focus Infotech,3.3,(874),IT Services & Consulting,Bengaluru +58 other locations
Torry Harris Integration Solutions,4.1,(873),IT Services & Consulting,Bengaluru +10 other locations
Next Education India,3.2,(873),EdTech,Hyderabad +95 other locations
Ather Energy,4.1,(872),Automobile,Bengaluru +73 other locations
India Shelter Finance Corporation,3.8,(871),NBFC,Gurugram +185 other locations
Panacea Biotec,3.5,(871),Biotechnology,Baddi +74 other locations
C.R.I. Pumps,3.9,(871),Industrial Machinery,Coimbatore +70 other locations
MOURI Tech,3.6,(870),IT Services & Consulting,Hyderabad +10 other locations
Fedbank Financial Services,4.0,(870),NBFC,Mumbai +166 other locations
National Health Mission,3.4,(870),Healthcare,Guwahati +282 other locations
Parekh Integrated Services,4.0,(867),Logistics,Mumbai +75 other locations
Nexdigm,3.7,(868),Management Consulting,Pune +13 other locations
Rohan Builders,4.1,(867),Real Estate,Pune +67 other locations
Precision Infomatic M Pvt Ltd,3.8,(863),IT Services & Consulting,Chennai +90 other locations
UKG,2.9,(864),Software Product,Noida +12 other locations
Tata Hitachi Construction Machinery,4.0,(864),Industrial Machinery,Kharagpur +77 other locations
Porter,3.5,(864),Internet,Bengaluru +32 other locations
enGen Global,3.9,(861),IT Services & Consulting,Chennai +6 other locations
Metso,4.1,(862),Metals & Mining,Alwar +48 other locations
LEAD School,3.2,(860),EdTech,Mumbai +103 other locations
Patel Infrastructure Limited,4.3,(860),Engineering & Construction,Vadodara +60 other locations
Tata Power Solar,4.1,(860),Power,Bengaluru +90 other locations
Bechtel,3.9,(859),Engineering & Construction,Gurugram +31 other locations
Swaraj Tractors,4.0,(859),Automobile,Sahibzada Ajit Singh Nagar +107 other locations
Casagrand,3.8,(857),Real Estate,Chennai +19 other locations
Shaktiman Tirth Agro Technology,3.8,(857),Industrial Machinery,Rajkot +67 other locations
Rico Auto Industries,3.8,(858),Auto Components,Gurugram +32 other locations
Impact Infotech Pvt. Ltd.,3.4,(856),IT Services & Consulting,Mumbai +76 other locations
Clarivate,3.7,(856),Analytics & KPO,Bengaluru +17 other locations
KGISL,3.0,(854),IT Services & Consulting,Coimbatore +21 other locations
Victora Auto Private Limited,3.9,(853),Auto Components,Faridabad +31 other locations
Jaya Hind Industries,3.7,(852),Auto Components,Pune +37 other locations
Union Bank of India,3.8,(851),Banking,Mumbai +152 other locations
AuthBridge Research Services,3.2,(850),IT Services & Consulting,Gurugram +21 other locations
Royal Sundaram General Insurance,3.7,(850),Insurance,Chennai +107 other locations
Sutherland Healthcare Solutions,3.7,(849),Analytics & KPO,Hyderabad +14 other locations
Shivalik Small Finance Bank,4.2,(850),Banking,Noida +42 other locations
Mahindra First Choice,3.8,(849),Internet,Mumbai +118 other locations
Mahindra Tractors,4.1,(847),Automobile,Nagpur +126 other locations
Sanden Vikas,4.0,(846),Auto Components,Faridabad +33 other locations
Guardian India,3.7,(846),Insurance,Chennai +14 other locations
Fareportal,3.0,(845),Travel & Tourism,Gurugram +14 other locations
IBS Software Services,3.5,(845),Software Product,Kochi +19 other locations
Serco,4.2,(844),Analytics & KPO,Mumbai +41 other locations
HP India,3.8,(843),Consumer Electronics & Appliances,Bengaluru +63 other locations
Rockwell Automation,3.7,(841),Industrial Automation,Pune +22 other locations
Bank of India,4.0,(842),Banking,Mumbai +184 other locations
Duck Creek Technologies,4.5,(840),Software Product,Mumbai +9 other locations
Eris Lifesciences,3.6,(840),Pharma,Ahmedabad +92 other locations
Greaves Cotton,4.0,(839),Travel & Tourism,Chhatrapati Sambhajinagar +50 other locations
Integra Software Services,3.8,(840),IT Services & Consulting,Puducherry +19 other locations
Baxter International,3.8,(837),Healthcare,Bengaluru +33 other locations
Baxter International,3.8,(837),Healthcare,Bengaluru +33 other locations
Encore Capital Group,3.8,(835),Financial Services,Gurugram +8 other locations
Medusind Solutions,3.4,(835),IT Services & Consulting,Chennai +11 other locations
FIITJEE,3.2,(835),Education & Training,New Delhi +47 other locations
Lumen Technologies,3.9,(835),Hardware & Networking,Bengaluru +14 other locations
BDO,3.2,(834),Accounting & Auditing,Mumbai +34 other locations
Arvind Lifestyle Brands,4.0,(834),Fashion & Textile,Bengaluru +86 other locations
Feedback Infrastructure Services,3.4,(832),Engineering & Construction,Gurugram +129 other locations
Artech Infosystems,3.3,(832),Recruitment,Bengaluru +21 other locations
Consolidated Contractors,4.3,(831),Engineering & Construction,Mumbai +55 other locations
Ford Business Solutions,4.1,(831),IT Services & Consulting,Chennai +51 other locations
Zydus Healthcare,4.0,(832),Pharma,Mumbai +108 other locations
Teamware Solutions,4.2,(830),Recruitment,Hyderabad +24 other locations
eTeam,3.2,(830),Recruitment,Bengaluru +21 other locations
RR kabel,4.1,(829),Electrical Equipment,Vadodara +117 other locations
Rashmi Group,3.5,(829),Iron & Steel,Kharagpur +31 other locations
Principal Global Services,3.6,(829),Insurance,Pune +11 other locations
Five-Star Business Finance,4.1,(829),NBFC,Chennai +249 other locations
Freshworks,3.3,(828),Software Product,Chennai +46 other locations
Poly Medicure,3.5,(827),Medical Equipment,Faridabad +47 other locations
Rodic Consultants,4.2,(827),Engineering & Construction,New Delhi +134 other locations
K Raheja Corp,4.2,(827),Hospitality,Mumbai +16 other locations
DBG Technology,3.6,(826),Electronics Manufacturing,Rewari +25 other locations
Ramco Systems,3.7,(825),Software Product,Chennai +28 other locations
Syneos Health,3.6,(826),Clinical Research,Gurugram +17 other locations
Y-Axis Overseas Careers,4.1,(824),Other,Hyderabad +17 other locations
Bpo Convergence,3.4,(824),BPO,Hyderabad +37 other locations
Waaree Energies,4.0,(824),Power,Surat +54 other locations
Linde India,3.9,(822),Chemicals,Vadodara +57 other locations
Vastu Housing Finance,4.1,(822),NBFC,Mumbai +175 other locations
Sunbeam Auto,3.9,(820),Auto Components,Gurugram +30 other locations
Advik Hi Tech,3.7,(820),Auto Components,Pune +30 other locations
Prama Hikvision India,3.5,(821),Electronics Manufacturing,Mumbai +56 other locations
Huhtamaki,4.0,(819),Packaging,Mumbai +44 other locations
Punj Lloyd,3.9,(818),Engineering & Construction,Gurugram +70 other locations
Qualitest,3.6,(818),IT Services & Consulting,Bengaluru +22 other locations
Ascendion,3.2,(817),IT Services & Consulting,Bengaluru +16 other locations
Dineshchandra R. Agrawal Infracon,4.0,(816),Engineering & Construction,Ahmedabad +83 other locations
Qinecsa Solutions,2.7,(816),Clinical Research,Mysuru +18 other locations
Praj Industries,4.0,(815),Biotechnology,Pune +46 other locations
Ugro Capital,3.7,(815),NBFC,Mumbai +171 other locations
Aequs,3.4,(813),Defence & Aerospace,Belagavi +13 other locations
JK Paper,3.8,(812),Pulp & Paper,Rayagada +52 other locations
Vijaya Diagnostic Centre,3.8,(812),Healthcare,Hyderabad +40 other locations
Investors Clinic,3.6,(812),Real Estate,Noida +36 other locations
Bill Gosling Outsourcing India,3.5,(810),Gurugram +13 other locations,
Jio-bp,3.6,(809),Oil & Gas,Mumbai +105 other locations
Credence Resource Management,3.0,(809),BPO,Pune +9 other locations
Progressive Techserve,3.2,(807),IT Services & Consulting,Noida +68 other locations
Amber Enterprises India,3.9,(809),Electronics Manufacturing,Gurugram +44 other locations
RenewBuy,3.3,(807),Internet,Gurugram +108 other locations
Universal Sompo General Insurance,4.3,(807),Insurance,Mumbai +126 other locations
Prince Pipes & Fittings,4.2,(805),Building Material,Mumbai +87 other locations
Fluor Corporation,4.1,(805),Engineering & Construction,Gurugram +24 other locations
Border Security Force,4.4,(805),Law Enforcement & Security,New Delhi +112 other locations
PUMA,4.1,(804),Fashion & Textile,Bengaluru +100 other locations
Novac Technology Solutions,3.5,(804),Software Product,Chennai +24 other locations
THE LEELA PALACES HOTELS & RESORTS,4.0,(803),Hospitality,New Delhi +34 other locations
Ramkrishna Forgings,3.4,(803),Auto Components,Jamshedpur +28 other locations
Eveready Industries,3.9,(802),Consumer Electronics & Appliances,Kolkata +111 other locations
Ramkrishna Forgings,3.4,(803),Auto Components,Jamshedpur +28 other locations
Engineers India,4.2,(801),Engineering & Construction,New Delhi +84 other locations
Chennai Radha Engineering Works,3.9,(801),Engineering & Construction,Chennai +59 other locations
IFFCO,4.1,(801),Agro Chemicals,New Delhi +119 other locations
Zidio Development,4.4,(800),IT Services & Consulting,Bengaluru +35 other locations
Zuventus Healthcare,3.9,(800),Pharma,Mumbai +102 other locations
Somany Ceramics,4.2,(800),Building Material,New Delhi +87 other locations
Radical Minds,2.9,(798),BPO,Gurugram +13 other locations
Hitachi,3.9,(798),Industrial Machinery,Bengaluru +90 other locations
Action Construction Equipment,3.7,(797),Industrial Machinery,Faridabad +60 other locations
Wipro Consumer Care & Lighting,3.7,(797),FMCG,Bengaluru +118 other locations
Rallis India,4.0,(797),Agro Chemicals,Ankleshwar +121 other locations
Nippon Koei India,4.7,(797),Engineering & Construction,New Delhi +70 other locations
Careernet,3.5,(796),Recruitment,Bengaluru +24 other locations
Intex Technologies,3.7,(795),Consumer Electronics & Appliances,New Delhi +77 other locations
Ask Automotive,4.2,(797),Auto Components,Gurugram +29 other locations
Maveric Systems,3.3,(795),IT Services & Consulting,Chennai +11 other locations
Franklin Templeton Investments,3.8,(794),Financial Services,Hyderabad +33 other locations
Petpooja,3.9,(794),Software Product,Ahmedabad +77 other locations
Denave,3.4,(792),Marketing & Advertising,Noida +71 other locations
Jai Balaji Group,3.2,(793),Iron & Steel,Durgapur +41 other locations
Microtek International,3.7,(792),Consumer Electronics & Appliances,New Delhi +119 other locations
Indo Autotech,4.0,(793),Auto Components,Faridabad +34 other locations
Hilti,3.4,(791),Industrial Machinery,Gurugram +48 other locations
Axtria,2.7,(790),Software Product,Gurugram +8 other locations
Cigniti Technologies,3.8,(788),IT Services & Consulting,Hyderabad +9 other locations
Travel Food Services Ltd,4.1,(788),Hospitality,Mumbai +36 other locations
NTT,3.9,(787),IT Services & Consulting,Mumbai +43 other locations
JM Financial,3.8,(787),Financial Services,Mumbai +73 other locations
Toyo Engineering,4.0,(787),Engineering & Construction,Mumbai +46 other locations
People Tech Group,2.3,(785),IT Services & Consulting,Hyderabad +13 other locations
First Advantage,3.4,(785),Recruitment,Bengaluru +12 other locations
Creative Synergies Group,3.9,(785),IT Services & Consulting,Bengaluru +9 other locations
Pratap Technocrats,3.7,(785),Telecom,Pune +122 other locations
Edubridge Learning,3.9,(784),EdTech,Mumbai +63 other locations
Hitachi Digital Services,3.5,(783),IT Services & Consulting,Hyderabad +16 other locations
Forever Living Products,4.2,(782),Fitness & Wellness,Mumbai +96 other locations
Allied Digital Services,3.2,(782),IT Services & Consulting,Mumbai +58 other locations
Ksb Pumps,3.7,(781),Industrial Machinery,Pune +39 other locations
Fleetguard Filters Private Limited,4.3,(781),Auto Components,Pune +87 other locations
Skill Lync,3.1,(780),EdTech,Chennai +17 other locations
Lea Associates South Asia,4.3,(780),Engineering & Construction,New Delhi +142 other locations
Neurealm,3.4,(779),IT Services & Consulting,Chennai +18 other locations
Forvia Hella,3.7,(779),Auto Components,Pune +32 other locations
Lenovo,4.0,(779),Consumer Electronics & Appliances,Bengaluru +83 other locations
Reliance Smart,4.1,(780),Retail,Hyderabad +251 other locations
Wapcos,3.2,(778),Engineering & Construction,New Delhi +151 other locations
Fidelity International,3.6,(777),Financial Services,Gurugram +14 other locations
Bunge India,3.9,(776),Food Processing,Sahibzada Ajit Singh Nagar +72 other locations
Bses Rajdhani Power,3.9,(776),Power,New Delhi +22 other locations
JioStar,3.5,(776),Media & Entertainment,Mumbai +42 other locations
Wabtec,3.9,(777),Auto Components,Bengaluru +33 other locations
Alivus Life Sciences,3.8,(777),Pharma,Ankleshwar +22 other locations
ManipalCigna Health Insurance,3.7,(776),Insurance,Mumbai +135 other locations
Quatrro Business Support Services,3.2,(775),Recruitment,Gurugram +15 other locations
Celebal Technologies,3.0,(773),IT Services & Consulting,Jaipur +24 other locations
Creambell,3.8,(773),Hospitality,New Delhi +105 other locations
Amadeus,3.7,(772),Software Product,Bengaluru +14 other locations
Central Industrial Security Force,4.3,(772),Law Enforcement & Security,New Delhi +89 other locations
Assystem,3.2,(771),Engineering & Construction,Chennai +68 other locations
VA Tech Wabag,3.8,(771),Waste Management,Chennai +54 other locations
Aurigo Software Technologies,4.6,(771),Software Product,Bengaluru +6 other locations
Padget Electronics,3.7,(770),Electronics Manufacturing,Noida +17 other locations
BNP Paribas India Solutions,3.6,(769),IT Services & Consulting,Mumbai +10 other locations
Protiviti,3.0,(770),Management Consulting,Gurugram +28 other locations
National Informatics Centre,3.9,(767),Government,New Delhi +77 other locations
Times Internet,3.4,(767),Internet,Noida +24 other locations
CMS Computers Limited (INDIA),3.7,(765),IT Services & Consulting,New Delhi +78 other locations
Orion Edutech,3.3,(764),EdTech,Kolkata +115 other locations
Exicom,4.0,(765),Semiconductors,Gurugram +31 other locations
HSBC Software Development,4.0,(764),Software Product,Pune +8 other locations
Wipro Infrastructure Engineering,3.7,(764),Industrial Machinery,Bengaluru +37 other locations
TO THE NEW,3.6,(764),IT Services & Consulting,Noida +20 other locations
Zee Entertainment Enterprises,3.4,(763),Media & Entertainment,Mumbai +35 other locations
Sharda Motor Industries,3.7,(762),Auto Components,Chennai +27 other locations
McDermott International,4.2,(763),Engineering & Construction,Chennai +33 other locations
Steel Authority Of India,4.0,(761),Iron & Steel,Bokaro +54 other locations
Mindsprint,3.5,(761),IT Services & Consulting,Chennai +10 other locations
Transrail Lighting,3.9,(760),Engineering & Construction,Mumbai +99 other locations
Vaaman Engineers,3.7,(760),Engineering & Construction,Jharsuguda +47 other locations
Better.com,3.0,(759),Financial Services,Gurugram +9 other locations
India Japan Lighting,4.1,(759),Auto Components,Chennai +29 other locations
Ameriprise Financial,3.7,(759),Financial Services,Gurugram +11 other locations
UnitedLex,2.6,(758),Analytics & KPO,New Delhi +13 other locations
Neuland Laboratories,4.0,(761),Pharma,Hyderabad +7 other locations
Veradigm,3.7,(759),Software Product,Pune +9 other locations
Samsung E&A,4.0,(757),Engineering & Construction,Noida +47 other locations
Brane Enterprises,2.1,(757),Software Product,Hyderabad +12 other locations
Finolex Cables,3.7,(755),Electrical Equipment,Pune +76 other locations
Greenply,3.8,(757),Building Material,Kolkata +97 other locations
Religare,3.6,(754),Financial Services,New Delhi +98 other locations
BCD Travel,4.3,(754),Travel & Tourism,Bengaluru +11 other locations
Eastman Auto and Power Limited,3.9,(755),Electronics Manufacturing,Gurugram +72 other locations
LifeCell International,3.3,(753),Biotechnology,Chennai +76 other locations
Dunzo,3.5,(753),Internet,Bengaluru +21 other locations
India Cements,3.8,(752),Building Material,Chennai +93 other locations
Writer Information Management Services,3.1,(752),BPO,Mumbai +70 other locations
Mott MacDonald,3.9,(753),Management Consulting,Mumbai +49 other locations
RITES,3.9,(751),Engineering & Construction,Gurugram +90 other locations
Hapag-Lloyd,3.8,(751),Ports & Shipping,Chennai +16 other locations
Livguard,3.9,(753),Electronics Manufacturing,Gurugram +86 other locations
Integreon,3.2,(751),BPO,Mumbai +12 other locations
CADD Centre Training Services,3.9,(751),Education & Training,Chennai +132 other locations
Bitwise Solutions,3.6,(751),IT Services & Consulting,Pune +9 other locations
ESL Steel,3.8,(750),Iron & Steel,Bokaro +25 other locations
1 India Family Mart,4.6,(750),Retail,New Delhi +98 other locations
Primus Global Technologies,3.7,(749),IT Services & Consulting,Bengaluru +27 other locations
Volkswagen Group Digital Solutions [India],3.9,(750),IT Services & Consulting,Pune +15 other locations
Stellantis,3.4,(748),Automobile,Chennai +17 other locations
Isuzu Motors,4.2,(747),Automobile,Chennai +39 other locations
Google Operations Center,3.5,(747),BPO,Hyderabad +14 other locations
Smollan Group,3.9,(747),Marketing & Advertising,Mumbai +144 other locations
EMERSON PROCESS MANAGEMENT,4.1,(749),Industrial Automation,Pune +31 other locations
Sterling Tools,4.5,(747),Auto Components,Faridabad +16 other locations
Electrosteel Casting,3.6,(745),Building Material,Kolkata +31 other locations
Care Hospital,4.1,(745),Healthcare,Hyderabad +43 other locations
JSW Energy,4.1,(746),Power,Mumbai +80 other locations
Boeing,3.8,(744),Aviation,Bengaluru +13 other locations
Rackspace,3.7,(742),IT Services & Consulting,Gurugram +15 other locations
ASG Eye Hospital,3.5,(742),Healthcare,Jaipur +77 other locations
Eugia Pharma Specialities,4.0,(742),Pharma,Hyderabad +18 other locations
SLK Global Services,4.0,(741),BPO,Bengaluru +9 other locations
Redcliffe Labs,4.0,(741),Healthcare,Noida +83 other locations
Trianz,3.6,(741),IT Services & Consulting,Hyderabad +9 other locations
Galfar,3.8,(741),Engineering & Construction,Muscat +39 other locations
LG Soft India,2.7,(740),IT Services & Consulting,Bengaluru +15 other locations
Sun Life Financial,3.8,(739),Financial Services,Gurugram +12 other locations
B. G. Shirke Construction Technology,4.2,(739),Engineering & Construction,Pune +26 other locations
Evision Technoserve,4.8,(739),IT Services & Consulting,Pune +44 other locations
Deepak Nitrite,3.9,(739),Chemicals,Vadodara +20 other locations
Mswipe Technologies,3.2,(739),FinTech,Mumbai +97 other locations
Delta Electronics,3.8,(737),Electronics Manufacturing,Bengaluru +45 other locations
OLX India,3.7,(737),Internet,Gurugram +57 other locations
Sterlite Power,4.1,(737),Power,New Delhi +84 other locations
The Akshaya Patra Foundation,4.4,(736),Non-Profit,Bengaluru +68 other locations
BDO India LLP,3.2,(736),Accounting & Auditing,Mumbai +36 other locations
McKinsey & Company,3.8,(735),Management Consulting,Gurugram +25 other locations
V-Trans,3.8,(734),Logistics,Mumbai +93 other locations
GirnarSoft,3.6,(734),IT Services & Consulting,Gurugram +53 other locations
R.V.R. PROJECTS,3.9,(734),Engineering & Construction,Hyderabad +69 other locations
Mitsubishi Electric India,4.2,(733),Electronics Manufacturing,Pune +52 other locations
Indusind Marketing & Financial Services,3.6,(732),Financial Services,Chennai +274 other locations
Ag Industries,3.9,(731),Auto Components,Gurugram +32 other locations
Expleo Solutions,3.5,(729),IT Services & Consulting,Chennai +15 other locations
Genus Power Infrastructures,3.9,(728),Electronics Manufacturing,Jaipur +89 other locations
Home First Finance Company India,3.5,(728),NBFC,Mumbai +105 other locations
AI Airport Services,3.3,(729),Aviation,Mumbai +60 other locations
Molex,3.9,(727),Electronics Manufacturing,Bengaluru +17 other locations
Adidas,3.9,(727),Fashion & Textile,Gurugram +69 other locations
Turtlemint,3.7,(727),Internet,Mumbai +116 other locations
Koch Business Solutions,3.1,(727),IT Services & Consulting,Bengaluru +11 other locations
Vertex Customer Solutions,3.5,(725),IT Services & Consulting,Chennai +33 other locations
Lavender Technology,4.9,(724),IT Services & Consulting,Bengaluru +8 other locations
Nvidia,3.5,(724),Hardware & Networking,Pune +19 other locations
Bristlecone,3.6,(723),IT Services & Consulting,Bengaluru +14 other locations
TDK India Private Limited,3.9,(723),Semiconductors,Nashik +26 other locations
bp,3.7,(723),Oil & Gas,Pune +15 other locations
ReSource Pro,3.7,(724),BPO,Bengaluru +9 other locations
Tredence,3.3,(723),IT Services & Consulting,Bengaluru +9 other locations
Tavant Technologies,3.8,(722),IT Services & Consulting,Bengaluru +13 other locations
Razorpay,3.4,(724),FinTech,Bengaluru +27 other locations
DuPont,4.2,(722),Waste Management,Hyderabad +46 other locations
Rentokil Pest Control,3.5,(721),Facility Management Services,Mumbai +111 other locations
Bikanervala,3.8,(721),FMCG,New Delhi +70 other locations
Kissht Finance,4.0,(720),FinTech,Mumbai +96 other locations
URC Construction,3.6,(719),Engineering & Construction,Chennai +52 other locations
Shalby Hospitals,4.2,(718),Healthcare,Ahmedabad +23 other locations
Bahwan CyberTek,3.3,(718),IT Services & Consulting,Chennai +21 other locations
Thriveni Earthmovers,3.9,(717),Metals & Mining,Jamshedpur +47 other locations
NecLife,3.6,(717),Pharma,Chandigarh +31 other locations
Medreich,3.8,(716),Pharma,Bengaluru +15 other locations
ffreedom app,3.4,(716),Internet,Bengaluru +26 other locations
BSH Home Appliances Group,3.8,(716),Consumer Electronics & Appliances,Bengaluru +60 other locations
Biba Apparels,3.5,(716),Fashion & Textile,New Delhi +97 other locations
Cotiviti,3.5,(714),Analytics & KPO,Hyderabad +10 other locations
KreditBee,3.5,(715),FinTech,Bengaluru +27 other locations
Goodyear,3.4,(713),Auto Components,Chhatrapati Sambhajinagar +66 other locations
uFaber,2.2,(712),Education & Training,Mumbai +24 other locations
Infor Global Solution,3.9,(712),Software Product,Hyderabad +9 other locations
Apple,4.3,(711),Consumer Electronics & Appliances,Bengaluru +107 other locations
Lovely Professional University,3.3,(710),Education & Training,Jalandhar +29 other locations
Gartner,3.8,(710),Management Consulting,Gurugram +18 other locations
Diebold Nixdorf,3.6,(710),Software Product,Hyderabad +45 other locations
Raychem RPG,3.7,(710),Electrical Equipment,Mumbai +34 other locations
XcelServ Solutions,4.4,(708),IT Services & Consulting,New Delhi +33 other locations
Amrit Cement,3.9,(708),Building Material,Guwahati +51 other locations
PrimEra Medical Technologies,3.5,(707),IT Services & Consulting,Hyderabad +14 other locations
Wolters Kluwer,3.8,(706),Software Product,Pune +16 other locations
Visteon,3.1,(706),Auto Components,Chennai +21 other locations
Wow Momo Foods,4.1,(706),Hospitality,Kolkata +66 other locations
Central Bank of India,3.9,(705),Banking,Mumbai +210 other locations
Mynd Solutions Private,3.7,(706),BPO,Gurugram +33 other locations
Ramky Infrastructure,4.2,(705),Engineering & Construction,Hyderabad +51 other locations
Moglix,3.3,(705),Internet,Noida +39 other locations
Jubilant Ingrevia,3.8,(705),Chemicals,Bharuch +33 other locations
Ness Digital Engineering,3.2,(705),IT Services & Consulting,Bengaluru +11 other locations
Joyalukkas,4.6,(704),Retail,Bengaluru +76 other locations
Patel Engineering,4.1,(705),Engineering & Construction,Mumbai +71 other locations
IHG,3.6,(700),Hospitality,New Delhi +46 other locations
CtrlS,3.7,(702),IT Services & Consulting,Hyderabad +17 other locations
Progressive Infovision,3.8,(700),Recruitment,New Delhi +79 other locations
HRH Next Services,3.0,(700),BPO,Hyderabad +23 other locations
Vindhya Telelinks,4.0,(701),Hardware & Networking,Rewa +97 other locations
Technotask Business Solutions,3.5,(700),BPO,Bhopal +21 other locations
Nephroplus,3.8,(699),Healthcare,Hyderabad +113 other locations
Radico Khaitan,4.0,(699),Beverage,Rampur +81 other locations
Asb International,3.6,(699),Industrial Machinery,Mumbai +23 other locations
TTK Prestige,3.8,(698),Consumer Electronics & Appliances,Bengaluru +83 other locations
Wuerth,3.5,(698),Industrial Machinery,Pune +66 other locations
Kaar Tech,4.3,(697),IT Services & Consulting,Chennai +12 other locations
TCNS Clothing Company,4.1,(698),Fashion & Textile,New Delhi +110 other locations
Bharat Serums and Vaccines,3.9,(698),Pharma,Mumbai +67 other locations
Vizag Steel,3.9,(697),Iron & Steel,Visakhapatnam +29 other locations
Writer Corporation,3.5,(697),Logistics,Mumbai +83 other locations
North East Small Finance Bank,3.5,(696),Banking,Guwahati +92 other locations
LEAP India Limited,4.6,(696),Packaging,Mumbai +48 other locations
Lohia Corp,4.0,(695),Industrial Machinery,Kanpur +21 other locations
BDO RISE Private Limited,3.6,(695),Accounting & Auditing,Bengaluru +9 other locations
Nomura Holdings,3.7,(696),Investment Banking / Venture Capital / Private Equity,Mumbai +11 other locations
Csc E Governance Services,3.8,(695),Government,New Delhi +202 other locations
Sykes Business Services Of India,3.4,(695),BPO,Hyderabad +15 other locations
Leverage Edu,4.0,(695),EdTech,Noida +22 other locations
Dodla Dairy,4.2,(695),Food Processing,Hyderabad +73 other locations
Transsion,4.0,(695),Consumer Electronics & Appliances,Noida +65 other locations
PPG Asian Paints,3.8,(695),Chemicals,Mumbai +60 other locations
Micro Turners,3.8,(694),Auto Components,Baddi +43 other locations
Samunnati,4.5,(694),NBFC,Chennai +61 other locations
TransUnion,3.5,(693),Financial Services,Chennai +10 other locations
HSBC Bank,4.0,(693),Banking,Hyderabad +37 other locations
Elite Elevators,4.2,(694),Industrial Machinery,Chennai +41 other locations
Flash Electronics,3.5,(692),Electronics Manufacturing,Pune +22 other locations
Capco Technologies,3.8,(693),IT Services & Consulting,Bengaluru +18 other locations
Emami Agrotech,3.9,(693),Food Processing,Kolkata +67 other locations
NSB Bpo Solutions,2.8,(691),BPO,Noida +83 other locations
Keventer,3.8,(692),FMCG,Kolkata +65 other locations
ChannelPlay,3.8,(691),Marketing & Advertising,Gurugram +95 other locations
Bisk Farm,4.0,(691),Food Processing,Kolkata +140 other locations
SG Analytics,2.5,(691),Analytics & KPO,Pune +12 other locations
Autoliv,3.9,(690),Auto Components,Bengaluru +23 other locations
Blue Yonder,3.6,(690),Software Product,Bengaluru +14 other locations
